Close/Last,Prediction,Signal,Signal
23.042,23.17470228578025,HOLD,HOLD
22.856,23.005797257580042,HOLD,HOLD
22.656,22.469611293884828,HOLD,HOLD
22.708,22.569319461742314,HOLD,HOLD
22.743,22.76607051093888,HOLD,HOLD
22.821,22.925582773096416,HOLD,HOLD
22.731,22.84738712148188,HOLD,HOLD
22.807,22.90630200144135,HOLD,HOLD
23.232,23.36068600804632,HOLD,HOLD
23.716,23.542841007113502,HOLD,HOLD
23.697,23.616897898500973,HOLD,HOLD
23.872,24.088558706484434,HOLD,HOLD
24.326,24.45665139519056,HOLD,HOLD
24.972,24.740314514014237,HOLD,HOLD
24.495,24.454368365248804,HOLD,HOLD
24.367,24.634042252127532,BUY,BUY
24.97,24.984201743827107,HOLD,HOLD
24.824,24.75559826210633,HOLD,HOLD
24.581,24.611246197597666,HOLD,HOLD
24.855,24.94112778016232,HOLD,HOLD
24.962,25.129061750609793,HOLD,HOLD
25.387,25.32294256917247,HOLD,HOLD
25.256,25.254882478992567,HOLD,HOLD
25.018,24.9217494556388,HOLD,HOLD
25.194,25.08139961819702,HOLD,HOLD
24.949,24.884617250901805,HOLD,HOLD
24.31,24.078082222932455,HOLD,HOLD
23.281,23.446122802062348,HOLD,HOLD
23.345,23.084946564931542,SELL,SELL
23.289,23.16748659429009,HOLD,HOLD
22.89,22.996797860509435,HOLD,HOLD
23.402,23.317958122467687,HOLD,HOLD
23.112,23.15196366121379,HOLD,HOLD
23.02,22.814476961905378,HOLD,HOLD
22.798,22.747287691525713,HOLD,HOLD
23.084,22.939715709997834,HOLD,HOLD
23.148,23.220997109840603,HOLD,HOLD
23.024,22.99714034845356,HOLD,HOLD
22.549,22.69114373934356,HOLD,HOLD
22.67,22.58229040002536,HOLD,HOLD
23.019,22.943902625671242,HOLD,HOLD
23.445,23.67922005123244,HOLD,HOLD
24.126,24.165299408919417,HOLD,HOLD
23.947,23.49930684946445,SELL,SELL
24.105,24.045153833246847,HOLD,HOLD
23.822,24.084291458927446,BUY,BUY
24.059,24.099358067239983,HOLD,HOLD
24.41,24.49604436252719,HOLD,HOLD
24.348,24.194845333506866,HOLD,HOLD
23.529,23.896582259017265,BUY,BUY
23.67,23.63844900553382,HOLD,HOLD
23.635,23.50321848704347,HOLD,HOLD
23.747,23.860841087709872,HOLD,HOLD
23.987,23.73233913737554,SELL,SELL
23.587,23.51548483207644,HOLD,HOLD
23.239,23.21263553302004,HOLD,HOLD
23.36,23.257444221447596,HOLD,HOLD
22.91,22.972461886352143,HOLD,HOLD
23.24,23.325339930753916,HOLD,HOLD
23.624,23.41505242292187,HOLD,HOLD
23.861,23.754707152457453,HOLD,HOLD
24.06,23.972303509583366,HOLD,HOLD
23.633,23.639639472898512,HOLD,HOLD
23.897,23.88354271042503,HOLD,HOLD
23.893,23.95386817012885,HOLD,HOLD
24.291,24.282549702327522,HOLD,HOLD
24.154,24.07692772121423,HOLD,HOLD
24.424,24.807886097946522,BUY,BUY
25.658,25.836338476143318,HOLD,HOLD
25.898,25.7427646801466,HOLD,HOLD
25.834,25.853714703849647,HOLD,HOLD
25.93,25.76787820679364,HOLD,HOLD
26.227,26.094190199610672,HOLD,HOLD
25.681,25.63711700447313,HOLD,HOLD
25.619,25.329123718453744,SELL,SELL
25.23,25.78430109882808,BUY,BUY
25.226,25.157360086783463,HOLD,HOLD
25.209,25.050847371667864,HOLD,HOLD
25.071,25.272373864151184,HOLD,HOLD
25.088,25.090565255533818,HOLD,HOLD
25.524,25.272164443287657,HOLD,HOLD
25.28,25.41274006066165,HOLD,HOLD
25.595,25.608670151285754,HOLD,HOLD
25.371,25.01944557996759,SELL,SELL
25.263,25.284186739193686,HOLD,HOLD
25.088,25.27654494129518,HOLD,HOLD
25.46,25.67347569342692,HOLD,HOLD
25.925,25.90572655457376,HOLD,HOLD
25.458,25.645892732269115,HOLD,HOLD
25.186,25.17637198271742,HOLD,HOLD
24.912,25.05915890940136,HOLD,HOLD
25.093,24.87976323954341,HOLD,HOLD
25.037,24.99344543636785,HOLD,HOLD
25.101,24.80395294826424,SELL,SELL
24.021,23.93303812787392,HOLD,HOLD
24.156,24.08793167540933,HOLD,HOLD
23.989,23.872219015287666,HOLD,HOLD
23.466,23.349344390343962,HOLD,HOLD
23.42,23.25909548490059,HOLD,HOLD
23.145,23.148716058473365,HOLD,HOLD
23.339,23.499145451786468,HOLD,HOLD
23.256,23.15098991486712,HOLD,HOLD
22.786,22.971257317917374,HOLD,HOLD
22.425,22.491940389729695,HOLD,HOLD
22.646,22.565231880580093,HOLD,HOLD
22.462,22.466935165480102,HOLD,HOLD
21.692,21.898635471322716,HOLD,HOLD
21.882,22.192036880669058,BUY,BUY
22.04,21.72600474942914,SELL,SELL
21.923,21.62735441786344,SELL,SELL
20.506,20.53377320130737,HOLD,HOLD
20.165,20.22161662345503,HOLD,HOLD
20.151,20.108322463011206,HOLD,HOLD
20.199,20.47078591965888,BUY,BUY
21.135,21.1726937109272,HOLD,HOLD
21.238,21.220943615600802,HOLD,HOLD
20.901,20.86928171924416,HOLD,HOLD
21.095,21.15588003733138,HOLD,HOLD
21.071,20.854909636040215,SELL,SELL
20.793,20.74456781930358,HOLD,HOLD
20.936,21.065137623601384,HOLD,HOLD
21.438,21.58698487952008,HOLD,HOLD
21.816,21.79034726463866,HOLD,HOLD
22.027,21.975315471411022,HOLD,HOLD
21.715,21.44092861222684,SELL,SELL
21.71,21.581944149263578,HOLD,HOLD
21.572,21.53777538687009,HOLD,HOLD
21.873,21.741893478451317,HOLD,HOLD
21.852,21.90008726936518,HOLD,HOLD
22.075,22.100697280415176,HOLD,HOLD
22.143,22.233068436934783,HOLD,HOLD
22.42,22.461875098419885,HOLD,HOLD
22.177,22.26906179214296,HOLD,HOLD
22.237,22.417449859101072,HOLD,HOLD
22.405,22.79325896232786,BUY,BUY
23.615,24.165366830154863,BUY,BUY
23.609,23.787955574307446,HOLD,HOLD
23.836,23.369906552602032,SELL,SELL
23.733,23.824120263123376,HOLD,HOLD
23.622,23.65284023193313,HOLD,HOLD
24.02,24.06350752558867,HOLD,HOLD
23.941,23.758240757718028,HOLD,HOLD
23.749,23.599855822189742,HOLD,HOLD
23.554,23.38538313001724,HOLD,HOLD
23.935,24.045367614282227,HOLD,HOLD
23.87,23.718440717967557,HOLD,HOLD
23.647,24.012474784641153,BUY,BUY
24.068,24.28042118451133,HOLD,HOLD
24.372,24.094002321469333,SELL,SELL
24.004,24.091636760496463,HOLD,HOLD
23.481,23.798022609358892,BUY,BUY
23.665,23.71519813568946,HOLD,HOLD
23.871,24.007130546834084,HOLD,HOLD
23.982,23.845555841894107,HOLD,HOLD
23.424,23.55452983172868,HOLD,HOLD
23.964,24.21476642370971,BUY,BUY
24.236,24.502244317960297,BUY,BUY
24.04,24.01377823074593,HOLD,HOLD
24.25,24.10633598097772,HOLD,HOLD
23.84,23.853102631576323,HOLD,HOLD
24.217,24.323735034405004,HOLD,HOLD
23.92,23.962430074583295,HOLD,HOLD
23.622,23.834506779572045,HOLD,HOLD
24.194,24.25544473490814,HOLD,HOLD
24.271,24.041224099039624,HOLD,HOLD
23.199,23.301128198512785,HOLD,HOLD
23.328,23.025362719755762,SELL,SELL
23.305,23.466395567442145,HOLD,HOLD
24.136,23.941303822732497,HOLD,HOLD
23.99,24.132377557462558,HOLD,HOLD
23.403,23.505823166732647,HOLD,HOLD
23.717,23.623702485202404,HOLD,HOLD
23.246,23.152252478820536,HOLD,HOLD
22.922,22.763949540507575,HOLD,HOLD
22.335,22.515719413693567,HOLD,HOLD
22.417,22.924900473901893,BUY,BUY
23.25,22.993322796876974,SELL,SELL
22.841,22.724030933914865,HOLD,HOLD
21.781,22.095235847757678,BUY,BUY
21.436,21.447966201944343,HOLD,HOLD
21.125,21.35171861238637,BUY,BUY
21.609,21.554767747550937,HOLD,HOLD
21.526,21.52300130261476,HOLD,HOLD
21.229,21.417305193023477,HOLD,HOLD
21.062,20.946984619922805,HOLD,HOLD
21.196,21.333979355663082,HOLD,HOLD
21.164,21.199272041417398,HOLD,HOLD
21.524,21.889022213967227,BUY,BUY
21.518,21.863992863394095,BUY,BUY
22.113,21.795818975165247,SELL,SELL
21.667,21.763345176719234,HOLD,HOLD
21.702,21.664245699490085,HOLD,HOLD
21.327,21.362460875826216,HOLD,HOLD
21.502,21.284705896910346,SELL,SELL
20.919,20.84517071520097,HOLD,HOLD
20.784,20.50803240511008,SELL,SELL
19.43,19.16690279408874,SELL,SELL
19.594,19.67423020350664,HOLD,HOLD
19.667,19.765190562640033,HOLD,HOLD
19.119,18.982914264965533,HOLD,HOLD
19.147,19.17389349906809,HOLD,HOLD
19.494,19.420406759620892,HOLD,HOLD
19.486,19.541514937519374,HOLD,HOLD
19.349,19.03142961325971,SELL,SELL
19.189,19.310092980507836,HOLD,HOLD
19.066,18.89450801510946,HOLD,HOLD
18.689,18.627069199892016,HOLD,HOLD
18.359,18.46859074010581,HOLD,HOLD
18.6,18.703115717747416,HOLD,HOLD
18.719,18.683711086809694,HOLD,HOLD
18.071,18.402961560072896,BUY,BUY
18.918,18.791649313432433,HOLD,HOLD
18.938,19.03730707176058,HOLD,HOLD
19.487,19.292284029783357,HOLD,HOLD
19.615,19.741123184781582,HOLD,HOLD
20.255,20.34713307998596,HOLD,HOLD
20.66,20.636048419752886,HOLD,HOLD
20.544,20.33715026975817,SELL,SELL
21.099,21.109193458955996,HOLD,HOLD
20.589,20.27673169385733,SELL,SELL
19.039,19.11828404605702,HOLD,HOLD
18.712,18.60077237535243,HOLD,HOLD
18.88,18.46879465268415,SELL,SELL
18.337,18.62477420179311,BUY,BUY
18.48,18.61163292853207,HOLD,HOLD
18.91,19.090821675757248,HOLD,HOLD
19.617,19.545397964725286,HOLD,HOLD
19.48,19.743015878780685,BUY,BUY
19.183,19.234412004326355,HOLD,HOLD
19.358,19.409298722584065,HOLD,HOLD
19.381,19.22760818657808,HOLD,HOLD
19.269,19.274629348515244,HOLD,HOLD
19.569,19.518735233673905,HOLD,HOLD
19.491,19.54632582623413,HOLD,HOLD
19.86,19.647906484365038,SELL,SELL
18.767,18.742073593845422,HOLD,HOLD
18.442,18.480455572576062,HOLD,HOLD
18.26,18.146199517227362,HOLD,HOLD
17.908,18.2304997347703,BUY,BUY
17.881,17.993259361291834,HOLD,HOLD
17.666,17.543404319461196,HOLD,HOLD
17.882,18.017591651097995,HOLD,HOLD
18.287,18.376640428392864,HOLD,HOLD
18.67,18.536427274472715,HOLD,HOLD
18.825,19.040883836929552,BUY,BUY
19.161,19.2242468077984,HOLD,HOLD
18.974,19.01529918695765,HOLD,HOLD
19.121,19.014304573865314,HOLD,HOLD
18.98,18.895043223597856,HOLD,HOLD
19.176,19.19874313715419,HOLD,HOLD
19.569,19.72320256929406,HOLD,HOLD
19.845,19.982624401443363,HOLD,HOLD
20.204,20.111905173280398,HOLD,HOLD
20.412,20.443771263589053,HOLD,HOLD
20.698,20.638779809479853,HOLD,HOLD
20.349,20.32754854331057,HOLD,HOLD
20.742,20.60975166723659,HOLD,HOLD
20.482,20.521576918848513,HOLD,HOLD
20.614,20.429024853175434,HOLD,HOLD
19.842,19.76398903033335,HOLD,HOLD
20.122,20.20714655813498,HOLD,HOLD
19.894,19.94539337355194,HOLD,HOLD
20.139,20.154800546447984,HOLD,HOLD
20.362,20.272866632904176,HOLD,HOLD
20.197,20.135010810052094,HOLD,HOLD
19.868,19.708983174990035,HOLD,HOLD
18.6,18.816702145334848,BUY,BUY
18.535,18.50702209478511,HOLD,HOLD
18.328,18.39496151676454,HOLD,HOLD
18.617,18.59713045854603,HOLD,HOLD
18.719,18.40684066475914,SELL,SELL
18.668,18.845509098786756,HOLD,HOLD
18.713,18.68993879591073,HOLD,HOLD
18.84,18.809967300888925,HOLD,HOLD
18.594,18.42617562885797,HOLD,HOLD
18.225,18.359933553328133,HOLD,HOLD
19.194,19.167656052422608,HOLD,HOLD
18.958,18.81441291946614,HOLD,HOLD
19.132,19.12189478919463,HOLD,HOLD
19.236,19.1641148448105,HOLD,HOLD
19.188,19.266719134258057,HOLD,HOLD
19.159,18.962038811530547,SELL,SELL
19.121,19.401923487454262,BUY,BUY
19.667,19.593504303663067,HOLD,HOLD
20.352,20.362922141626658,HOLD,HOLD
20.738,20.84268054860317,HOLD,HOLD
20.872,21.046513962239374,HOLD,HOLD
21.187,21.40141913684905,BUY,BUY
21.159,20.907285263682642,SELL,SELL
21.091,20.79773343898462,SELL,SELL
21.497,21.44011490473204,HOLD,HOLD
21.851,21.850428151008057,HOLD,HOLD
21.681,21.77895133450424,HOLD,HOLD
21.975,21.727062578989276,SELL,SELL
21.502,21.674252518220467,HOLD,HOLD
20.954,21.12337090500983,HOLD,HOLD
21.255,21.26323631763374,HOLD,HOLD
21.931,21.60121251011985,SELL,SELL
21.817,21.75970727456192,HOLD,HOLD
22.094,21.941184652905555,HOLD,HOLD
22.178,22.07116296444224,HOLD,HOLD
22.092,22.364596195993492,BUY,BUY
21.908,22.13411920919255,BUY,BUY
22.275,22.18626413567251,HOLD,HOLD
21.915,21.782200295184868,HOLD,HOLD
21.688,21.781224330067136,HOLD,HOLD
22.096,22.289353451159766,HOLD,HOLD
21.965,21.877987724477606,HOLD,HOLD
21.87,21.865911031715278,HOLD,HOLD
22.063,22.006774356484,HOLD,HOLD
21.723,22.005693044793016,BUY,BUY
21.674,21.7808572259102,HOLD,HOLD
21.908,21.7257997470051,HOLD,HOLD
21.544,21.518274981435567,HOLD,HOLD
21.75,21.75985237812902,HOLD,HOLD
21.551,21.35558841274391,HOLD,HOLD
21.001,20.83999045994266,HOLD,HOLD
20.773,20.931317694476824,HOLD,HOLD
21.575,21.75431656753115,HOLD,HOLD
21.424,21.569066992521222,HOLD,HOLD
21.82,21.875242696618674,HOLD,HOLD
22.367,22.340178486356898,HOLD,HOLD
22.443,22.76314460557116,BUY,BUY
22.402,22.716831875063544,BUY,BUY
22.665,22.6581874465907,HOLD,HOLD
22.584,22.39789843202629,HOLD,HOLD
23.085,23.173422360332108,HOLD,HOLD
23.181,23.135643582654602,HOLD,HOLD
23.505,23.544613274118934,HOLD,HOLD
23.59,23.778262650274222,HOLD,HOLD
23.73,23.745978891211355,HOLD,HOLD
24.318,24.367701655984337,HOLD,HOLD
24.702,24.813179066111807,HOLD,HOLD
25.355,25.231139556958652,HOLD,HOLD
25.478,25.613691542571488,HOLD,HOLD
26.236,26.395347436898984,HOLD,HOLD
25.7,25.72997762072225,HOLD,HOLD
26.03,25.902920150917947,HOLD,HOLD
25.735,25.522522615238678,HOLD,HOLD
24.987,25.327358333359363,BUY,BUY
24.823,24.720492780211632,HOLD,HOLD
24.735,24.561895530696052,HOLD,HOLD
24.458,24.43943249892902,HOLD,HOLD
24.534,24.774886044062608,HOLD,HOLD
24.59,24.69021963807772,HOLD,HOLD
24.654,24.733408123282203,HOLD,HOLD
25.133,24.96559698427725,HOLD,HOLD
25.113,25.129172382704876,HOLD,HOLD
24.736,24.42955855869074,SELL,SELL
25.196,25.231774259494703,HOLD,HOLD
25.615,25.72370538090815,HOLD,HOLD
25.92,25.843482244164164,HOLD,HOLD
25.189,25.155043431874574,HOLD,HOLD
24.904,25.045241474549698,HOLD,HOLD
25.313,25.353096726159926,HOLD,HOLD
25.087,25.20258606338698,HOLD,HOLD
25.616,25.5621070334959,HOLD,HOLD
24.71,24.82222030756376,HOLD,HOLD
25.158,24.947775853572214,HOLD,HOLD
25.298,25.509354067802022,HOLD,HOLD
26.16,25.937679199446617,HOLD,HOLD
26.256,26.00813368822607,HOLD,HOLD
25.816,26.431834194368935,BUY,BUY
26.895,26.855847417339806,HOLD,HOLD
25.72,25.88822641941112,HOLD,HOLD
25.789,25.658803422868136,HOLD,HOLD
25.212,25.348251576490114,HOLD,HOLD
25.19,25.157268969123123,HOLD,HOLD
25.541,25.248127565795855,SELL,SELL
24.366,24.487168679213834,HOLD,HOLD
24.017,24.206119780574884,HOLD,HOLD
24.71,24.879687715680877,HOLD,HOLD
24.598,24.463914673822313,HOLD,HOLD
24.356,24.100082166756344,SELL,SELL
24.038,23.987616397827512,HOLD,HOLD
23.922,23.759862925730523,HOLD,HOLD
23.654,23.56507827072604,HOLD,HOLD
23.39,23.46307621568253,HOLD,HOLD
23.897,23.88699140269596,HOLD,HOLD
23.369,23.32859920535992,HOLD,HOLD
23.522,23.5050505723301,HOLD,HOLD
23.341,23.25096274306772,HOLD,HOLD
23.2,23.023163904338713,HOLD,HOLD
23.076,22.92937598226014,HOLD,HOLD
22.475,22.393914388493542,HOLD,HOLD
22.375,22.194166681511568,HOLD,HOLD
22.707,22.690331877389582,HOLD,HOLD
22.595,22.845881293351596,BUY,BUY
22.393,22.450303858439977,HOLD,HOLD
22.301,22.373347291024565,HOLD,HOLD
22.676,22.925441596468275,BUY,BUY
23.807,23.707232125027712,HOLD,HOLD
23.896,23.761569255065776,HOLD,HOLD
23.8,23.85152125029277,HOLD,HOLD
24.32,24.388220866605387,HOLD,HOLD
24.716,24.55949397323393,HOLD,HOLD
24.231,24.00614551523529,HOLD,HOLD
23.492,23.37073731878399,HOLD,HOLD
22.918,23.095451798640813,HOLD,HOLD
23.162,23.16781667931395,HOLD,HOLD
23.207,23.04334441189291,HOLD,HOLD
22.812,22.749100832509377,HOLD,HOLD
22.462,22.37349077715803,HOLD,HOLD
22.409,22.213896498699864,HOLD,HOLD
22.19,22.274280541570732,HOLD,HOLD
23.17,23.00502705603902,HOLD,HOLD
23.056,22.89663398671066,HOLD,HOLD
22.81,22.941650219912127,HOLD,HOLD
23.352,23.294331279021012,HOLD,HOLD
23.06,22.911466878981994,HOLD,HOLD
22.858,22.835803465606098,HOLD,HOLD
23.121,23.309656472720896,HOLD,HOLD
22.989,22.912476407650615,HOLD,HOLD
22.94,22.83189827236593,HOLD,HOLD
22.819,22.71072339004658,HOLD,HOLD
22.529,22.59184512021948,HOLD,HOLD
22.291,22.2848721367907,HOLD,HOLD
22.533,22.52580236108631,HOLD,HOLD
22.485,22.32884987687836,HOLD,HOLD
21.545,21.70611532998706,HOLD,HOLD
21.924,21.87977408118776,HOLD,HOLD
22.328,22.342926122456984,HOLD,HOLD
22.195,22.056825693267278,HOLD,HOLD
22.013,22.049587332362915,HOLD,HOLD
22.432,22.413372558765698,HOLD,HOLD
22.523,22.44844834589932,HOLD,HOLD
22.263,22.291154703098503,HOLD,HOLD
22.481,22.280053551814582,HOLD,HOLD
22.316,22.376243676235084,HOLD,HOLD
22.339,22.528626768941255,HOLD,HOLD
22.815,23.08286130739236,BUY,BUY
22.852,23.11056916240216,BUY,BUY
23.135,23.256799608272793,HOLD,HOLD
23.536,23.5633048086854,HOLD,HOLD
23.492,23.71356131540317,HOLD,HOLD
24.362,24.58328707760903,HOLD,HOLD
24.844,24.880506333802728,HOLD,HOLD
24.96,24.976348834355093,HOLD,HOLD
25.223,25.2188918412314,HOLD,HOLD
24.999,25.234279607853225,HOLD,HOLD
25.105,25.14010529095521,HOLD,HOLD
25.346,25.144075887728384,HOLD,HOLD
25.301,25.143030484435236,HOLD,HOLD
24.772,24.755749278391214,HOLD,HOLD
24.318,24.24280430692629,HOLD,HOLD
24.542,24.401142863799603,HOLD,HOLD
24.157,24.00866836481314,HOLD,HOLD
23.911,23.925336801509097,HOLD,HOLD
23.231,23.274334242168585,HOLD,HOLD
23.507,23.650904093863012,HOLD,HOLD
24.073,24.003975411664445,HOLD,HOLD
23.949,23.841212867145906,HOLD,HOLD
24.12,24.187145046892255,HOLD,HOLD
24.191,24.083043965975026,HOLD,HOLD
24.088,24.150296171139566,HOLD,HOLD
24.592,24.59539825963723,HOLD,HOLD
24.449,24.7061142456298,BUY,BUY
24.17,24.29424572989884,HOLD,HOLD
24.445,24.215482687146803,HOLD,HOLD
23.883,23.90554896243256,HOLD,HOLD
23.264,23.224913246796714,HOLD,HOLD
23.349,23.30069870326399,HOLD,HOLD
23.477,23.360758210907598,HOLD,HOLD
23.17,23.02717679106269,HOLD,HOLD
22.514,22.543382124481184,HOLD,HOLD
22.665,22.65975789778074,HOLD,HOLD
22.705,22.931649618623396,HOLD,HOLD
22.658,22.608924222951202,HOLD,HOLD
22.532,22.36967166648179,HOLD,HOLD
22.608,22.489911881233084,HOLD,HOLD
22.644,22.53415024336491,HOLD,HOLD
22.536,22.35133103382678,HOLD,HOLD
22.047,21.992129898164393,HOLD,HOLD
21.485,21.796751662917842,BUY,BUY
22.467,22.28565865726334,HOLD,HOLD
22.694,22.73443823541715,HOLD,HOLD
22.425,22.412918954067703,HOLD,HOLD
22.679,22.670545603575995,HOLD,HOLD
22.907,22.94815800952446,HOLD,HOLD
22.611,22.55837368671913,HOLD,HOLD
22.204,22.24171223193591,HOLD,HOLD
22.337,22.64845042217594,BUY,BUY
22.794,23.070174993598254,BUY,BUY
23.801,23.78654399523265,HOLD,HOLD
23.885,23.68913896260297,HOLD,HOLD
23.796,23.56496672018846,HOLD,HOLD
23.9,24.043511891236584,HOLD,HOLD
24.177,24.16860724367916,HOLD,HOLD
24.056,24.144330232352722,HOLD,HOLD
24.373,24.432425123938042,HOLD,HOLD
24.802,24.646578658903184,HOLD,HOLD
23.918,23.9888976633989,HOLD,HOLD
24.221,24.109226064359746,HOLD,HOLD
23.925,24.05280834917067,HOLD,HOLD
24.006,24.116384425304705,HOLD,HOLD
24.11,23.847766884613566,SELL,SELL
23.596,23.61921542654717,HOLD,HOLD
23.822,23.758925273786353,HOLD,HOLD
23.937,23.86075549919196,HOLD,HOLD
23.703,23.52667383421095,HOLD,HOLD
23.16,23.065489647297408,HOLD,HOLD
23.279,23.26649368744704,HOLD,HOLD
23.47,23.566326586704015,HOLD,HOLD
23.707,23.77858106626467,HOLD,HOLD
23.791,23.598112419341582,HOLD,HOLD
23.779,23.62950293208329,HOLD,HOLD
23.116,23.14736102990745,HOLD,HOLD
23.488,23.407037190507474,HOLD,HOLD
23.392,23.45497070915409,HOLD,HOLD
23.269,22.94120936100035,SELL,SELL
24.326,24.531462703674535,HOLD,HOLD
25.292,25.314548170321174,HOLD,HOLD
25.461,25.80666192929188,BUY,BUY
25.582,25.476347102231205,HOLD,HOLD
25.575,25.470268683176773,HOLD,HOLD
25.547,25.523247795032965,HOLD,HOLD
25.782,25.632141287557012,HOLD,HOLD
24.877,24.920807930090234,HOLD,HOLD
24.649,24.788575736281707,HOLD,HOLD
25.318,25.382325256383414,HOLD,HOLD
25.233,25.224069610214272,HOLD,HOLD
25.381,25.279960048949853,HOLD,HOLD
25.255,25.132683360888496,HOLD,HOLD
24.995,25.018907730850547,HOLD,HOLD
25.144,25.31533956111549,HOLD,HOLD
25.795,25.969621937269565,HOLD,HOLD
26.394,26.394517615952893,HOLD,HOLD
26.271,26.405628551604867,HOLD,HOLD
26.14,26.192229123476345,HOLD,HOLD
26.239,26.149966627640087,HOLD,HOLD
26.234,26.0948640068454,HOLD,HOLD
25.987,26.030166513746103,HOLD,HOLD
26.129,26.330150650625722,HOLD,HOLD
26.174,26.4633761383473,BUY,BUY
26.501,26.521237766095318,HOLD,HOLD
26.1,26.311434105686224,HOLD,HOLD
26.194,26.117836774475922,HOLD,HOLD
25.901,25.781905368130726,HOLD,HOLD
26.254,26.06771182267953,HOLD,HOLD
26.126,26.290218860861255,HOLD,HOLD
26.089,26.150773641413174,HOLD,HOLD
26.152,26.244744611939822,HOLD,HOLD
25.898,25.92709683331804,HOLD,HOLD
26.065,25.90440300543396,HOLD,HOLD
25.969,26.267304914085955,BUY,BUY
25.856,26.408857050679785,BUY,BUY
27.812,27.162510479282894,SELL,SELL
27.693,27.668428086083026,HOLD,HOLD
28.039,27.77844512583306,HOLD,HOLD
28.146,28.28549186496211,HOLD,HOLD
28.031,27.810184748371682,HOLD,HOLD
28.002,27.958590889456694,HOLD,HOLD
27.731,27.81044760918938,HOLD,HOLD
28.018,27.82348490266576,HOLD,HOLD
27.896,28.067823409285715,HOLD,HOLD
27.477,27.156524991682325,SELL,SELL
28.204,28.076853663215125,HOLD,HOLD
28.102,27.96761780709071,HOLD,HOLD
28.014,27.72047490379785,SELL,SELL
27.94,28.04308891322856,HOLD,HOLD
27.877,27.988575365365087,HOLD,HOLD
28.056,28.187106442659005,HOLD,HOLD
27.905,27.8345601111469,HOLD,HOLD
27.486,27.6890064541481,HOLD,HOLD
28.067,27.808721173268452,HOLD,HOLD
28.025,27.483635024739122,SELL,SELL
28.333,28.34774181455386,HOLD,HOLD
28.274,28.690088749208613,BUY,BUY
27.365,27.301044556114782,HOLD,HOLD
27.059,27.051103199699796,HOLD,HOLD
27.244,27.306559472878572,HOLD,HOLD
27.667,27.90571639360719,HOLD,HOLD
27.492,27.670418869193618,HOLD,HOLD
27.565,27.592274831987183,HOLD,HOLD
27.477,27.83590389947809,BUY,BUY
26.522,26.566383486237726,HOLD,HOLD
26.558,26.585965442430528,HOLD,HOLD
26.96,27.41381575727766,BUY,BUY
25.873,25.835326184891695,HOLD,HOLD
26.085,26.1171552002512,HOLD,HOLD
26.118,26.032264231796244,HOLD,HOLD
26.45,26.358912340441616,HOLD,HOLD
26.247,26.381277924384072,HOLD,HOLD
26.114,26.22501888497412,HOLD,HOLD
26.219,25.9362553859021,SELL,SELL
26.606,26.977148890808294,BUY,BUY
25.84,25.97423049115426,HOLD,HOLD
25.837,25.953828840475385,HOLD,HOLD
26.105,26.162694116137274,HOLD,HOLD
25.964,26.119058686458715,HOLD,HOLD
25.524,25.49209971266381,HOLD,HOLD
25.426,25.671856413613998,HOLD,HOLD
24.867,24.60123707466544,SELL,SELL
25.325,25.189059986425104,HOLD,HOLD
25.585,25.418601068311325,HOLD,HOLD
25.247,25.242184811557106,HOLD,HOLD
25.227,25.319560083933922,HOLD,HOLD
24.78,24.84703540444875,HOLD,HOLD
24.948,24.75486947483637,HOLD,HOLD
24.532,24.211863812877716,SELL,SELL
24.137,24.1702747723572,HOLD,HOLD
24.771,24.704841868637917,HOLD,HOLD
25.114,25.127875876997344,HOLD,HOLD
25.047,25.053188312552997,HOLD,HOLD
25.231,25.279392382732052,HOLD,HOLD
25.227,24.762195814966404,SELL,SELL
25.769,25.730090602060958,HOLD,HOLD
26.321,26.179258029495546,HOLD,HOLD
26.351,26.28447048909459,HOLD,HOLD
26.058,26.312612384324908,HOLD,HOLD
26.003,26.074494562515383,HOLD,HOLD
26.288,26.15001784386108,HOLD,HOLD
25.911,25.690743321316766,HOLD,HOLD
26.193,26.186469503111596,HOLD,HOLD
26.13,25.950230327269715,HOLD,HOLD
26.183,25.87960050866476,SELL,SELL
25.269,25.513413807170647,HOLD,HOLD
25.287,25.098437489361316,HOLD,HOLD
25.461,25.565993691126952,HOLD,HOLD
26.387,26.216393750148775,HOLD,HOLD
26.879,26.32612542278916,SELL,SELL
26.678,26.91705702981148,HOLD,HOLD
26.44,26.259171775967058,HOLD,HOLD
27.685,27.441476333548117,HOLD,HOLD
27.928,27.79757838553503,HOLD,HOLD
27.742,27.751270600240808,HOLD,HOLD
28.131,28.023010638594723,HOLD,HOLD
27.293,26.89075946347799,SELL,SELL
27.118,26.967862081912997,HOLD,HOLD
27.315,27.34515265936811,HOLD,HOLD
27.325,27.32932121643931,HOLD,HOLD
27.328,27.558397987089556,HOLD,HOLD
27.047,27.044697631830168,HOLD,HOLD
27.078,27.205096425698617,HOLD,HOLD
27.402,27.574315055892903,HOLD,HOLD
27.576,27.37952978792663,HOLD,HOLD
27.019,26.806282181064702,HOLD,HOLD
26.234,26.28811805453181,HOLD,HOLD
26.889,26.987951978432076,HOLD,HOLD
25.389,25.116376812337464,SELL,SELL
25.538,25.519903125579972,HOLD,HOLD
25.484,25.52609233548418,HOLD,HOLD
25.556,25.362360045528675,HOLD,HOLD
25.854,26.066737319178273,HOLD,HOLD
25.766,26.045638415450366,BUY,BUY
25.32,24.74970959372621,SELL,SELL
24.866,25.099340076577217,HOLD,HOLD
25.802,25.889771325915273,HOLD,HOLD
25.572,25.32687527728085,HOLD,HOLD
25.435,25.953543813613784,BUY,BUY
24.985,24.79147292117521,HOLD,HOLD
27.261,27.2050498588152,HOLD,HOLD
27.042,27.291141060809267,HOLD,HOLD
27.64,27.576759020359113,HOLD,HOLD
27.364,27.464722509550185,HOLD,HOLD
26.412,26.53112986040487,HOLD,HOLD
26.573,26.65495615944381,HOLD,HOLD
26.217,26.425151080332636,HOLD,HOLD
26.539,26.66023364892281,HOLD,HOLD
25.908,25.848433924667198,HOLD,HOLD
25.921,25.69610119023475,HOLD,HOLD
25.535,25.875176663352548,BUY,BUY
26.379,26.527200739742742,HOLD,HOLD
26.033,26.056218145493034,HOLD,HOLD
26.181,25.972270631718736,HOLD,HOLD
25.052,25.320667796143947,BUY,BUY
24.644,24.483630194109743,HOLD,HOLD
24.047,23.90923052352062,HOLD,HOLD
24.092,23.906994244578026,HOLD,HOLD
24.094,24.169301628495365,HOLD,HOLD
23.99,24.02549023742855,HOLD,HOLD
24.736,24.846413759309183,HOLD,HOLD
24.794,24.92026420304041,HOLD,HOLD
24.253,24.39008022363535,HOLD,HOLD
24.137,24.109360920173724,HOLD,HOLD
24.08,24.12207306474652,HOLD,HOLD
24.09,23.750167339535345,SELL,SELL
22.593,22.24410207926568,SELL,SELL
22.639,22.793409973722266,HOLD,HOLD
23.446,23.448533356511508,HOLD,HOLD
23.41,23.209821559296522,HOLD,HOLD
23.757,23.519476959191365,HOLD,HOLD
24.491,24.51971862496463,HOLD,HOLD
24.164,24.144093174859094,HOLD,HOLD
24.558,24.373921591139684,HOLD,HOLD
24.651,24.58728809670685,HOLD,HOLD
24.802,24.679740714696067,HOLD,HOLD
24.775,24.878885177808215,HOLD,HOLD
24.306,24.258052525136375,HOLD,HOLD
24.267,24.110639323504856,HOLD,HOLD
24.462,24.295795025506624,HOLD,HOLD
25.662,25.52652830648993,HOLD,HOLD
25.191,26.078743056489905,BUY,BUY
23.893,23.8027142943343,HOLD,HOLD
24.334,24.282241995446668,HOLD,HOLD
24.033,23.968377624012263,HOLD,HOLD
23.646,23.743808340920015,HOLD,HOLD
23.36,23.024089116755324,SELL,SELL
23.359,22.940026816091372,SELL,SELL
24.57,24.57668143128059,HOLD,HOLD
24.42,24.3414478772996,HOLD,HOLD
24.675,24.709939113128726,HOLD,HOLD
24.709,24.71305208203514,HOLD,HOLD
25.241,25.241445158227105,HOLD,HOLD
24.98,24.975350145545676,HOLD,HOLD
24.698,24.842797642339043,HOLD,HOLD
24.405,24.42916792975949,HOLD,HOLD
24.224,23.92046213444971,SELL,SELL
24.395,24.378212871860345,HOLD,HOLD
24.129,24.4376784665811,BUY,BUY
25.271,25.333712290123245,HOLD,HOLD
25.108,24.955587592238217,HOLD,HOLD
23.876,24.135248961982587,BUY,BUY
23.896,23.80959117122579,HOLD,HOLD
23.921,23.530084318120547,SELL,SELL
24.56,24.468057067211383,HOLD,HOLD
24.029,24.00907492390264,HOLD,HOLD
24.254,24.036148459830258,HOLD,HOLD
23.494,23.619795652025815,HOLD,HOLD
24.445,24.13793046922691,SELL,SELL
23.604,23.35485159956705,SELL,SELL
23.093,22.865137401790115,HOLD,HOLD
23.105,23.336859204466993,BUY,BUY
24.523,24.549434055298104,HOLD,HOLD
27.129,27.215042242329254,HOLD,HOLD
27.1,26.733079636278376,SELL,SELL
27.476,27.40733839306766,HOLD,HOLD
27.464,27.608643543466542,HOLD,HOLD
27.355,27.334569756575593,HOLD,HOLD
26.857,26.993703056622127,HOLD,HOLD
27.291,26.907933380046938,SELL,SELL
27.083,26.977663046733387,HOLD,HOLD
26.991,26.55679477695937,SELL,SELL
26.712,26.86471954876148,HOLD,HOLD
26.875,27.12236242905703,HOLD,HOLD
27.395,27.72709896216851,BUY,BUY
28.645,28.603893498354406,HOLD,HOLD
28.594,28.402841087727175,HOLD,HOLD
27.79,27.64579304229313,HOLD,HOLD
27.198,27.336942558585584,HOLD,HOLD
27.604,27.201503532006342,SELL,SELL
26.426,26.60121884961221,HOLD,HOLD
26.768,26.984741048344308,HOLD,HOLD
26.877,26.832009861785696,HOLD,HOLD
27.301,27.466000688462252,HOLD,HOLD
27.486,27.291937291820705,HOLD,HOLD
28.243,28.204409763505485,HOLD,HOLD
27.834,27.119032975972992,SELL,SELL
24.417,24.751223959338674,BUY,BUY
24.216,24.23374254237825,HOLD,HOLD
24.321,24.172963768510037,HOLD,HOLD
22.85,22.911546179052618,HOLD,HOLD
21.557,21.325061594551993,SELL,SELL
20.192,20.10388697129865,HOLD,HOLD
19.764,19.59308857660891,HOLD,HOLD
19.573,19.614314472576464,HOLD,HOLD
19.761,19.705250648136353,HOLD,HOLD
19.53,19.631474347906906,HOLD,HOLD
19.788,19.607443372430634,HOLD,HOLD
19.053,19.066307403363133,HOLD,HOLD
18.962,19.137923432164666,HOLD,HOLD
19.161,19.022573370379778,HOLD,HOLD
18.699,18.435992114961124,SELL,SELL
18.582,18.592736683661904,HOLD,HOLD
18.322,18.16355670486012,HOLD,HOLD
18.218,18.4341467516761,BUY,BUY
18.637,18.57966611109906,HOLD,HOLD
18.064,18.112323559272177,HOLD,HOLD
18.168,17.927292110962863,SELL,SELL
18.051,17.93366253561617,HOLD,HOLD
17.811,17.906591687751966,HOLD,HOLD
18.239,18.183955004646556,HOLD,HOLD
18.074,18.19047912804764,HOLD,HOLD
18.022,18.039298296544082,HOLD,HOLD
17.67,17.80426069926614,HOLD,HOLD
17.775,17.681204417668322,HOLD,HOLD
17.652,17.6742979041639,HOLD,HOLD
17.399,17.22640473311661,HOLD,HOLD
17.482,17.63633807819212,HOLD,HOLD
17.889,17.858096829336333,HOLD,HOLD
17.796,18.18053965220041,BUY,BUY
17.794,17.79338666397503,HOLD,HOLD
17.893,17.822595878246762,HOLD,HOLD
17.479,17.58771130007067,HOLD,HOLD
18.061,17.956336798081338,HOLD,HOLD
17.958,17.896344458298433,HOLD,HOLD
18.26,18.37017866802779,HOLD,HOLD
18.827,18.735617193828542,HOLD,HOLD
18.44,17.863517867546165,SELL,SELL
17.967,17.941716183854112,HOLD,HOLD
17.757,17.540257310450226,SELL,SELL
17.595,17.744443311767682,HOLD,HOLD
17.664,17.604238392070773,HOLD,HOLD
17.364,17.499903704444357,HOLD,HOLD
18.002,17.968099512520226,HOLD,HOLD
17.901,17.809942598420744,HOLD,HOLD
17.468,17.702393589631512,BUY,BUY
17.046,16.82823353277341,SELL,SELL
16.156,16.024956231640367,HOLD,HOLD
15.671,15.77133843550744,HOLD,HOLD
15.709,15.703953592162218,HOLD,HOLD
15.68,15.699133702746687,HOLD,HOLD
15.74,15.69053865418578,HOLD,HOLD
15.59,15.476857811076169,HOLD,HOLD
15.015,15.117290687968387,HOLD,HOLD
15.11,15.038067311363559,HOLD,HOLD
14.796,14.958671203897726,BUY,BUY
14.863,14.92491731983077,HOLD,HOLD
14.973,15.34683235940677,BUY,BUY
15.16,15.332891170154888,BUY,BUY
15.328,15.236609539723595,HOLD,HOLD
15.341,15.458176252265275,HOLD,HOLD
15.254,15.250062100887497,HOLD,HOLD
15.526,15.694920146391809,BUY,BUY
15.503,15.278295748737214,SELL,SELL
14.991,15.025044391507103,HOLD,HOLD
15.75,15.626643494593877,HOLD,HOLD
15.237,15.232030214702107,HOLD,HOLD
15.766,15.827930698611056,HOLD,HOLD
15.654,15.81329632301811,BUY,BUY
16.341,16.31714369828764,HOLD,HOLD
15.479,15.474257853284815,HOLD,HOLD
15.995,15.661692802149288,SELL,SELL
15.205,15.265505994724485,HOLD,HOLD
15.48,15.69377241971485,BUY,BUY
15.111,14.88984859298371,SELL,SELL
14.436,14.5574602348775,HOLD,HOLD
14.654,14.48569044467939,SELL,SELL
13.984,14.051379838093526,HOLD,HOLD
14.098,14.167029698478494,HOLD,HOLD
14.132,14.173628742307029,HOLD,HOLD
14.498,14.413589240803649,HOLD,HOLD
14.676,14.658164113124169,HOLD,HOLD
14.873,14.635462003570035,SELL,SELL
14.229,13.872763824852338,SELL,SELL
13.261,12.89839568921158,SELL,SELL
12.349,12.638696455244908,BUY,BUY
12.134,12.073673446905284,HOLD,HOLD
11.772,12.136972419043783,BUY,BUY
12.469,12.56511648072628,HOLD,HOLD
12.816,12.869399583585395,HOLD,HOLD
16.005,16.002821160196273,HOLD,HOLD
16.776,16.891580466403582,HOLD,HOLD
16.906,17.002030867684756,HOLD,HOLD
17.054,16.918978320072526,HOLD,HOLD
17.263,17.232776755056342,HOLD,HOLD
17.342,17.30965802285718,HOLD,HOLD
17.246,17.205043987862567,HOLD,HOLD
17.129,17.100852105716765,HOLD,HOLD
16.679,16.766855261129653,HOLD,HOLD
16.387,16.820246205821547,BUY,BUY
17.735,17.756964626061553,HOLD,HOLD
17.914,17.94117775288995,HOLD,HOLD
18.268,18.053372140072103,SELL,SELL
18.96,18.701489731597565,SELL,SELL
18.521,18.504724729868812,HOLD,HOLD
18.319,18.279217503945524,HOLD,HOLD
18.311,18.351984368936925,HOLD,HOLD
18.131,18.12875247114162,HOLD,HOLD
17.715,17.71236115853663,HOLD,HOLD
17.619,17.62993576527395,HOLD,HOLD
17.497,17.50936240061114,HOLD,HOLD
17.573,17.70786141543153,HOLD,HOLD
17.785,17.761405017791787,HOLD,HOLD
17.665,17.663330077683053,HOLD,HOLD
17.818,17.774862961422592,HOLD,HOLD
17.602,17.597346999539237,HOLD,HOLD
17.561,17.636319023886404,HOLD,HOLD
17.67,17.75164580506409,HOLD,HOLD
17.972,17.97061897259262,HOLD,HOLD
17.992,17.885062106039396,HOLD,HOLD
17.487,17.42301803692564,HOLD,HOLD
17.458,17.63416021112379,BUY,BUY
18.056,18.187148197016242,HOLD,HOLD
18.057,18.048687055152904,HOLD,HOLD
17.829,17.715227604271934,HOLD,HOLD
17.828,17.812585441145973,HOLD,HOLD
17.751,17.74940778953377,HOLD,HOLD
18.013,18.011656288404353,HOLD,HOLD
17.939,17.945775812230085,HOLD,HOLD
17.988,17.950528121178042,HOLD,HOLD
17.742,17.77999247211982,HOLD,HOLD
17.996,17.991279509328848,HOLD,HOLD
18.033,18.03167633361056,HOLD,HOLD
17.936,17.979692807316543,HOLD,HOLD
18.393,18.2415561720591,HOLD,HOLD
18.179,18.35441665521075,HOLD,HOLD
18.068,18.007329346851126,HOLD,HOLD
18.046,18.027117714205055,HOLD,HOLD
17.828,17.87835215287371,HOLD,HOLD
18.001,17.952387939912654,HOLD,HOLD
17.943,17.906319091362263,HOLD,HOLD
17.99,18.034027550924552,HOLD,HOLD
17.757,17.514696590147032,SELL,SELL
17.499,17.43702750734246,HOLD,HOLD
17.128,17.177873973594657,HOLD,HOLD
17.058,17.04094155052342,HOLD,HOLD
17.049,17.016603052660876,HOLD,HOLD
17.072,17.08616487399641,HOLD,HOLD
17.113,17.064730195123545,HOLD,HOLD
16.912,16.846374067301664,HOLD,HOLD
16.949,16.98478938001068,HOLD,HOLD
16.849,16.918853728432023,HOLD,HOLD
16.596,16.592166094120405,HOLD,HOLD
16.642,16.666148270167792,HOLD,HOLD
16.481,16.572859170188202,HOLD,HOLD
17.059,16.993831931004223,HOLD,HOLD
16.916,17.096267636057505,BUY,BUY
17.125,17.040140848803077,HOLD,HOLD
16.966,16.96578031188601,HOLD,HOLD
17.106,17.037388288361527,HOLD,HOLD
16.912,16.931482674824185,HOLD,HOLD
17.188,17.110181652982515,HOLD,HOLD
17.03,17.013632559676346,HOLD,HOLD
17.147,17.23140083118014,HOLD,HOLD
17.211,17.211736788048707,HOLD,HOLD
17.1,17.096782655526855,HOLD,HOLD
17.103,17.099785477492755,HOLD,HOLD
17.0,16.832577651068778,HOLD,HOLD
16.933,16.85300908789278,HOLD,HOLD
17.028,16.975520558253674,HOLD,HOLD
16.913,16.950334155067907,HOLD,HOLD
16.677,16.71371258383224,HOLD,HOLD
16.802,16.775836962402764,HOLD,HOLD
16.783,16.808358269117477,HOLD,HOLD
16.97,17.528364084581053,BUY,BUY
17.598,17.58042422711044,HOLD,HOLD
17.568,17.69651927793115,HOLD,HOLD
18.066,18.083066727512204,HOLD,HOLD
18.004,18.028673303135395,HOLD,HOLD
18.067,18.03200459278303,HOLD,HOLD
17.815,17.757744394626187,HOLD,HOLD
17.831,17.830650220968355,HOLD,HOLD
17.876,17.92434436820121,HOLD,HOLD
17.861,17.925667243854136,HOLD,HOLD
17.804,17.715599232706687,HOLD,HOLD
17.58,17.580854857941635,HOLD,HOLD
17.5,17.551794150157566,HOLD,HOLD
17.602,17.755458432976624,HOLD,HOLD
17.502,17.464649045586544,HOLD,HOLD
17.612,17.53377519986071,HOLD,HOLD
17.427,17.29528037926776,HOLD,HOLD
17.308,17.41466338505469,HOLD,HOLD
17.71,17.59807384465647,HOLD,HOLD
17.462,17.421903021111515,HOLD,HOLD
17.602,17.653300204548085,HOLD,HOLD
17.81,17.77703586295298,HOLD,HOLD
17.617,17.638306656077482,HOLD,HOLD
17.54,17.47979028247022,HOLD,HOLD
17.54,17.365063349563655,HOLD,HOLD
17.676,17.70248562712999,HOLD,HOLD
17.592,17.45256792319206,HOLD,HOLD
17.302,17.207084965776772,HOLD,HOLD
16.998,17.210601480142053,BUY,BUY
17.552,17.483000770891504,HOLD,HOLD
17.912,17.930235774340645,HOLD,HOLD
18.073,18.164540770345578,HOLD,HOLD
18.517,18.519134413786492,HOLD,HOLD
18.711,18.54217793686043,HOLD,HOLD
17.738,17.884327761067492,HOLD,HOLD
17.884,17.832648521099692,HOLD,HOLD
17.919,17.74977616535647,HOLD,HOLD
18.14,18.026163355123217,HOLD,HOLD
17.901,17.86351758321535,HOLD,HOLD
17.436,17.58398602245931,HOLD,HOLD
18.177,18.373970890239878,BUY,BUY
18.17,18.178763935913167,HOLD,HOLD
18.186,18.049100977195856,HOLD,HOLD
18.167,18.205591110885756,HOLD,HOLD
17.968,18.207488795034998,BUY,BUY
18.48,18.374244858615462,HOLD,HOLD
18.456,18.44026026764385,HOLD,HOLD
18.298,18.158460921520465,HOLD,HOLD
17.785,17.821511915115302,HOLD,HOLD
17.554,17.43260932764353,HOLD,HOLD
17.014,17.010701759171013,HOLD,HOLD
17.29,17.193817444238313,HOLD,HOLD
17.148,17.05581229365829,HOLD,HOLD
16.94,16.944271097267013,HOLD,HOLD
17.122,17.13986205418817,HOLD,HOLD
17.214,17.23618096519514,HOLD,HOLD
17.28,17.136505612067467,HOLD,HOLD
17.071,16.979925107834553,HOLD,HOLD
16.931,17.024921705231346,HOLD,HOLD
16.936,16.983354806255438,HOLD,HOLD
17.156,17.153849729793336,HOLD,HOLD
16.445,16.448667128236412,HOLD,HOLD
16.345,16.33608721119475,HOLD,HOLD
16.27,16.14468114412972,HOLD,HOLD
16.18,16.124117896462067,HOLD,HOLD
16.405,16.332409560502793,HOLD,HOLD
16.558,16.545224105472236,HOLD,HOLD
16.44,16.432059011234564,HOLD,HOLD
16.397,16.420784400159377,HOLD,HOLD
16.411,16.469892399087115,HOLD,HOLD
16.626,16.54881433173792,HOLD,HOLD
16.476,16.394055518735374,HOLD,HOLD
16.411,16.35325306422141,HOLD,HOLD
16.198,16.243139039710407,HOLD,HOLD
15.893,15.76639200590246,HOLD,HOLD
15.678,15.588492822693995,HOLD,HOLD
15.365,15.334102049774843,HOLD,HOLD
15.236,15.182481465456506,HOLD,HOLD
15.146,15.216545031317178,HOLD,HOLD
15.226,15.21464029781609,HOLD,HOLD
15.147,15.067999169319705,HOLD,HOLD
15.05,15.07204211253508,HOLD,HOLD
15.001,15.073469639363504,HOLD,HOLD
15.336,15.28405049571438,HOLD,HOLD
15.238,15.24035363305671,HOLD,HOLD
15.106,15.153919466917511,HOLD,HOLD
15.253,15.318238309541591,HOLD,HOLD
15.294,15.251205180873542,HOLD,HOLD
15.283,15.278073484845926,HOLD,HOLD
15.383,15.431167410140256,HOLD,HOLD
15.461,15.456711629992993,HOLD,HOLD
15.37,15.390184834363085,HOLD,HOLD
14.958,15.053132216002048,HOLD,HOLD
14.993,14.983986741997029,HOLD,HOLD
14.829,14.811274746384525,HOLD,HOLD
14.803,14.96996830863566,BUY,BUY
14.892,14.845905172747807,HOLD,HOLD
14.753,14.806649077901959,HOLD,HOLD
14.74,14.713124448399167,HOLD,HOLD
14.639,14.736964338152681,HOLD,HOLD
15.031,15.037440536523697,HOLD,HOLD
14.905,14.88873971551308,HOLD,HOLD
14.791,14.92942672196621,HOLD,HOLD
14.732,14.745588162259171,HOLD,HOLD
14.74,14.742695230141923,HOLD,HOLD
14.567,14.593275692806941,HOLD,HOLD
14.46,14.40951264758499,HOLD,HOLD
14.411,14.406009584557175,HOLD,HOLD
14.32,14.37916072283075,HOLD,HOLD
14.555,14.583746498359297,HOLD,HOLD
14.613,14.555928472046915,HOLD,HOLD
14.449,14.423125440778179,HOLD,HOLD
14.41,14.388116373129058,HOLD,HOLD
14.445,14.408590300651934,HOLD,HOLD
14.388,14.431093056943087,HOLD,HOLD
14.539,14.617392032376578,HOLD,HOLD
14.812,14.817485077217974,HOLD,HOLD
14.812,14.811886983131345,HOLD,HOLD
14.777,14.686527057616082,HOLD,HOLD
14.79,14.810266185609214,HOLD,HOLD
14.773,14.76341126058984,HOLD,HOLD
14.862,14.906075463595066,HOLD,HOLD
14.926,14.867393489186423,HOLD,HOLD
14.927,14.843445336599904,HOLD,HOLD
14.978,14.871838640728182,HOLD,HOLD
14.617,14.63303893073892,HOLD,HOLD
14.729,14.728198700418243,HOLD,HOLD
14.9,14.861008664210987,HOLD,HOLD
14.933,14.962829609464512,HOLD,HOLD
15.088,15.048482668424,HOLD,HOLD
14.96,14.96737441760764,HOLD,HOLD
14.996,14.951893933793128,HOLD,HOLD
14.865,14.870370082940791,HOLD,HOLD
15.058,15.081481179403653,HOLD,HOLD
15.038,15.020276981427259,HOLD,HOLD
14.939,14.969416024141537,HOLD,HOLD
14.915,14.885043694947587,HOLD,HOLD
14.975,14.873511180506553,HOLD,HOLD
14.963,15.005640919246051,HOLD,HOLD
14.867,14.96090315709242,HOLD,HOLD
15.244,15.188897676707345,HOLD,HOLD
15.211,15.25223185377535,HOLD,HOLD
15.173,15.167970012762877,HOLD,HOLD
15.086,15.104389672151715,HOLD,HOLD
15.084,14.96721522153809,HOLD,HOLD
15.102,15.072608893002641,HOLD,HOLD
15.061,14.957344764319146,HOLD,HOLD
15.099,15.11312500976796,HOLD,HOLD
15.11,15.094332118799475,HOLD,HOLD
14.973,15.070511980344943,HOLD,HOLD
15.298,15.337501116838773,HOLD,HOLD
15.429,15.442823953048006,HOLD,HOLD
15.567,15.520453062236912,HOLD,HOLD
15.407,15.447715495819875,HOLD,HOLD
15.437,15.52616954714084,HOLD,HOLD
15.245,15.23925226006454,HOLD,HOLD
15.372,15.39907382547802,HOLD,HOLD
15.322,15.323629122365292,HOLD,HOLD
15.324,15.314607847923853,HOLD,HOLD
15.101,15.114550807676778,HOLD,HOLD
15.456,15.511658600775561,HOLD,HOLD
15.338,15.390683495124778,HOLD,HOLD
15.274,15.281451322337324,HOLD,HOLD
15.349,15.260845445926039,HOLD,HOLD
15.04,15.036142978244367,HOLD,HOLD
15.085,15.09660273855716,HOLD,HOLD
15.105,15.114749172970988,HOLD,HOLD
15.105,15.165257421450619,HOLD,HOLD
15.256,15.324724650019581,HOLD,HOLD
15.634,15.715211182835002,HOLD,HOLD
15.672,15.736734634319765,HOLD,HOLD
15.926,15.898817462925996,HOLD,HOLD
15.928,15.981656087300962,HOLD,HOLD
16.012,15.979444631704116,HOLD,HOLD
15.906,15.950198329794137,HOLD,HOLD
16.281,16.20473587368869,HOLD,HOLD
15.967,15.871897183164473,HOLD,HOLD
15.743,15.789250453405462,HOLD,HOLD
15.528,15.541842083624314,HOLD,HOLD
15.624,15.66568214117892,HOLD,HOLD
15.69,15.747436335129956,HOLD,HOLD
15.657,15.64643475202958,HOLD,HOLD
15.809,15.7596081670862,HOLD,HOLD
15.713,15.703206055181706,HOLD,HOLD
15.701,15.717520154492526,HOLD,HOLD
15.836,15.866624505306447,HOLD,HOLD
15.886,15.76207925233725,HOLD,HOLD
15.931,15.95813898510659,HOLD,HOLD
16.072,16.099350709944773,HOLD,HOLD
15.927,16.025544976162738,HOLD,HOLD
15.839,15.852744131177303,HOLD,HOLD
15.765,15.703422291763374,HOLD,HOLD
15.699,15.62334238318201,HOLD,HOLD
15.3,15.303236111157624,HOLD,HOLD
15.38,15.363680044637743,HOLD,HOLD
15.325,15.291248375620269,HOLD,HOLD
15.399,15.258944649649536,HOLD,HOLD
15.536,15.533506792161187,HOLD,HOLD
15.638,15.592701614768796,HOLD,HOLD
15.62,15.637534682043015,HOLD,HOLD
15.609,15.604506527929423,HOLD,HOLD
15.656,15.70814664806299,HOLD,HOLD
15.643,15.666809601248369,HOLD,HOLD
15.735,15.730423193048352,HOLD,HOLD
15.713,15.61944262839275,HOLD,HOLD
15.756,15.769661446936741,HOLD,HOLD
15.786,15.796661646573096,HOLD,HOLD
15.797,15.702989094675068,HOLD,HOLD
15.649,15.523579258734358,HOLD,HOLD
15.54,15.489749360333155,HOLD,HOLD
15.436,15.402669622636617,HOLD,HOLD
15.31,15.192092245311295,HOLD,HOLD
15.123,15.074807958688409,HOLD,HOLD
14.82,14.817545424876327,HOLD,HOLD
14.702,14.726803034137575,HOLD,HOLD
14.869,14.802564818167209,HOLD,HOLD
14.818,14.77770576925841,HOLD,HOLD
14.701,14.731147345789193,HOLD,HOLD
14.759,14.712275892247778,HOLD,HOLD
14.637,14.65010724542665,HOLD,HOLD
14.855,14.81733193771626,HOLD,HOLD
14.851,14.807985102430804,HOLD,HOLD
14.628,14.744411858022808,HOLD,HOLD
14.605,14.610687567875782,HOLD,HOLD
14.696,14.650396895130816,HOLD,HOLD
14.509,14.463950016138362,HOLD,HOLD
14.582,14.530312133011469,HOLD,HOLD
14.64,14.643626823581688,HOLD,HOLD
14.499,14.514739756957047,HOLD,HOLD
14.217,14.212334736313995,HOLD,HOLD
14.402,14.394148900960946,HOLD,HOLD
14.455,14.390792621607755,HOLD,HOLD
14.221,14.275280263125918,HOLD,HOLD
14.343,14.435145702180625,HOLD,HOLD
14.367,14.402846874687576,HOLD,HOLD
14.48,14.445305984624422,HOLD,HOLD
14.269,14.307124089450495,HOLD,HOLD
14.403,14.356141878251979,HOLD,HOLD
14.382,14.319487900591229,HOLD,HOLD
14.263,14.235677312776687,HOLD,HOLD
14.08,14.031265353577265,HOLD,HOLD
13.952,13.967291024934152,HOLD,HOLD
13.974,14.021536201194753,HOLD,HOLD
14.14,14.179002474870327,HOLD,HOLD
14.423,14.424007186598043,HOLD,HOLD
14.569,14.626211629647035,HOLD,HOLD
14.5,14.568207880039381,HOLD,HOLD
14.647,14.658291317493507,HOLD,HOLD
14.756,14.787735573617251,HOLD,HOLD
14.777,14.662767630250347,HOLD,HOLD
14.282,14.313284731984915,HOLD,HOLD
14.462,14.440999926342236,HOLD,HOLD
14.442,14.537036266427144,HOLD,HOLD
14.7,14.706356411463574,HOLD,HOLD
14.63,14.695334523550738,HOLD,HOLD
14.676,14.72886204093923,HOLD,HOLD
14.793,14.732302285928736,HOLD,HOLD
14.587,14.614664732668569,HOLD,HOLD
14.65,14.681916270281354,HOLD,HOLD
14.604,14.550524774937177,HOLD,HOLD
14.663,14.68909062199442,HOLD,HOLD
14.701,14.772266163320282,HOLD,HOLD
14.656,14.660508225514018,HOLD,HOLD
14.635,14.641599489150575,HOLD,HOLD
14.606,14.51484262672399,HOLD,HOLD
14.326,14.324120181435651,HOLD,HOLD
14.4,14.35592057414567,HOLD,HOLD
14.259,14.228213809285254,HOLD,HOLD
14.649,14.652657832714265,HOLD,HOLD
14.59,14.687171957311712,HOLD,HOLD
14.67,14.759016750815984,HOLD,HOLD
14.693,14.783952772790835,HOLD,HOLD
14.507,14.488171566031543,HOLD,HOLD
14.712,14.604202489642091,HOLD,HOLD
14.201,14.222429502777773,HOLD,HOLD
14.401,14.414430830390693,HOLD,HOLD
14.493,14.474447201980215,HOLD,HOLD
14.341,14.314399891704667,HOLD,HOLD
14.359,14.307765836370502,HOLD,HOLD
14.305,14.298602789777942,HOLD,HOLD
14.189,14.208697723370278,HOLD,HOLD
14.185,14.161758024042634,HOLD,HOLD
14.223,14.205707673896129,HOLD,HOLD
14.142,14.179973911041191,HOLD,HOLD
14.244,14.284064879096666,HOLD,HOLD
14.293,14.227386704130556,HOLD,HOLD
14.153,14.076336297435308,HOLD,HOLD
14.181,14.209707941230855,HOLD,HOLD
14.17,14.19665939862571,HOLD,HOLD
14.181,14.237809556052163,HOLD,HOLD
14.22,14.192765954561619,HOLD,HOLD
14.18,14.215890907894794,HOLD,HOLD
14.557,14.47932181111099,HOLD,HOLD
14.594,14.642430810914572,HOLD,HOLD
14.81,14.774766659048339,HOLD,HOLD
14.767,14.81565402708559,HOLD,HOLD
14.972,14.893174990244587,HOLD,HOLD
14.901,14.834855331887164,HOLD,HOLD
14.642,14.637233368728623,HOLD,HOLD
14.85,14.868122744797475,HOLD,HOLD
14.766,14.77368605600976,HOLD,HOLD
14.67,14.72542081613043,HOLD,HOLD
14.631,14.706753822612027,HOLD,HOLD
14.713,14.618613533147954,HOLD,HOLD
14.454,14.56044431121844,HOLD,HOLD
15.025,15.020846842466796,HOLD,HOLD
14.982,15.09600309095455,HOLD,HOLD
15.295,15.339454013486083,HOLD,HOLD
15.462,15.454724715545616,HOLD,HOLD
15.432,15.377422124287499,HOLD,HOLD
15.373,15.44500296521915,HOLD,HOLD
15.292,15.288098016387403,HOLD,HOLD
15.462,15.454950132648296,HOLD,HOLD
15.329,15.290740043746174,HOLD,HOLD
15.452,15.446949704843139,HOLD,HOLD
15.559,15.504628405470118,HOLD,HOLD
15.537,15.500142659730383,HOLD,HOLD
15.493,15.479902709797928,HOLD,HOLD
15.438,15.429968000934776,HOLD,HOLD
15.589,15.595052970308267,HOLD,HOLD
15.52,15.521828535857967,HOLD,HOLD
15.368,15.3963830604208,HOLD,HOLD
15.549,15.439071108854808,HOLD,HOLD
15.402,15.311806223675765,HOLD,HOLD
15.574,15.486697095659482,HOLD,HOLD
15.617,15.688911971449123,HOLD,HOLD
15.735,15.72513098592254,HOLD,HOLD
15.815,15.804843455802457,HOLD,HOLD
15.977,15.93397259083407,HOLD,HOLD
15.817,15.894053495657044,HOLD,HOLD
16.087,16.021028863819637,HOLD,HOLD
16.139,16.195083435729448,HOLD,HOLD
16.069,16.095427902954594,HOLD,HOLD
16.097,16.060485963498273,HOLD,HOLD
16.043,16.136628394490828,HOLD,HOLD
15.835,15.9244843338841,HOLD,HOLD
16.198,16.133840952013486,HOLD,HOLD
16.041,16.051532499849372,HOLD,HOLD
16.237,16.137250111628262,HOLD,HOLD
16.331,16.29209211978275,HOLD,HOLD
16.407,16.433824988320843,HOLD,HOLD
16.539,16.51005139532141,HOLD,HOLD
16.326,16.2663079942972,HOLD,HOLD
16.309,16.309375500975765,HOLD,HOLD
16.323,16.36229189320495,HOLD,HOLD
16.44,16.52007151757389,HOLD,HOLD
17.262,17.19268479703118,HOLD,HOLD
16.991,17.031394213868854,HOLD,HOLD
16.891,16.841312833059817,HOLD,HOLD
16.952,16.89986522935402,HOLD,HOLD
16.741,16.754545790740888,HOLD,HOLD
16.815,16.840371151448867,HOLD,HOLD
16.694,16.688688711351396,HOLD,HOLD
16.543,16.466584409022396,HOLD,HOLD
16.431,16.489668041609004,HOLD,HOLD
16.441,16.42101240943394,HOLD,HOLD
16.458,16.50572795955054,HOLD,HOLD
16.544,16.484601445717637,HOLD,HOLD
16.373,16.392620726312167,HOLD,HOLD
16.546,16.463914506637398,HOLD,HOLD
16.687,16.60614161250466,HOLD,HOLD
16.405,16.425881259353716,HOLD,HOLD
16.575,16.603727850610554,HOLD,HOLD
16.52,16.397211208559067,HOLD,HOLD
16.455,16.420048379213455,HOLD,HOLD
16.481,16.432992332948967,HOLD,HOLD
16.371,16.323192721864345,HOLD,HOLD
16.269,16.31939571502558,HOLD,HOLD
16.645,16.61054169229984,HOLD,HOLD
16.752,16.769618910935705,HOLD,HOLD
16.759,16.697504381075618,HOLD,HOLD
16.539,16.516623346759513,HOLD,HOLD
16.472,16.414530770434112,HOLD,HOLD
16.495,16.49881176673282,HOLD,HOLD
16.519,16.48197789310196,HOLD,HOLD
16.447,16.542808865768116,HOLD,HOLD
16.375,16.446554711929256,HOLD,HOLD
16.127,16.16638217250415,HOLD,HOLD
16.401,16.338300734506188,HOLD,HOLD
16.497,16.534272184872457,HOLD,HOLD
16.567,16.533469369924596,HOLD,HOLD
16.577,16.624597152948624,HOLD,HOLD
16.787,16.70982604403926,HOLD,HOLD
16.587,16.74206351437493,HOLD,HOLD
17.163,17.112928406277195,HOLD,HOLD
17.239,17.2280542991562,HOLD,HOLD
16.787,16.697250906678264,HOLD,HOLD
16.677,16.657406213666935,HOLD,HOLD
16.658,16.605027279750303,HOLD,HOLD
16.473,16.514229995192828,HOLD,HOLD
16.768,16.76262148469026,HOLD,HOLD
16.596,16.540474961456663,HOLD,HOLD
16.529,16.415413054836236,HOLD,HOLD
16.362,16.35711192241769,HOLD,HOLD
16.355,16.263874840880163,HOLD,HOLD
16.254,16.35282813312198,HOLD,HOLD
16.392,16.421733353975696,HOLD,HOLD
16.672,16.571153685401306,HOLD,HOLD
16.268,16.259691806980953,HOLD,HOLD
16.253,16.336815927903324,HOLD,HOLD
16.541,16.53778258251583,HOLD,HOLD
16.684,16.7017118611992,HOLD,HOLD
16.582,16.587832085776526,HOLD,HOLD
16.387,16.429036864472682,HOLD,HOLD
16.419,16.515470996021886,HOLD,HOLD
16.185,16.180710795972367,HOLD,HOLD
16.325,16.256425994413384,HOLD,HOLD
16.272,16.3346931963415,HOLD,HOLD
16.422,16.450311090317285,HOLD,HOLD
16.537,16.589642818846826,HOLD,HOLD
16.627,16.594400108986132,HOLD,HOLD
16.536,16.50075215399049,HOLD,HOLD
16.608,16.5246711546768,HOLD,HOLD
16.5,16.499318735490267,HOLD,HOLD
16.494,16.601536907736868,HOLD,HOLD
16.784,16.752839796694378,HOLD,HOLD
16.412,16.479623721382055,HOLD,HOLD
16.466,16.49694647399024,HOLD,HOLD
16.276,16.334374956282687,HOLD,HOLD
16.407,16.438165825527562,HOLD,HOLD
16.346,16.39109537925826,HOLD,HOLD
16.622,16.702823986063542,HOLD,HOLD
16.549,16.568126717540117,HOLD,HOLD
16.638,16.588680624985148,HOLD,HOLD
16.678,16.668245781722995,HOLD,HOLD
16.513,16.565432368334527,HOLD,HOLD
16.796,16.65552749838138,HOLD,HOLD
16.796,16.75569175277857,HOLD,HOLD
16.878,16.65598155110893,SELL,SELL
16.528,16.53177220093987,HOLD,HOLD
16.57,16.486745071360772,HOLD,HOLD
16.139,16.235677754889714,HOLD,HOLD
16.341,16.28775195579221,HOLD,HOLD
16.238,16.420921283028335,BUY,BUY
16.58,16.764365442003154,BUY,BUY
16.671,16.72057389901685,HOLD,HOLD
16.709,16.746421577011613,HOLD,HOLD
17.155,17.19200151205651,HOLD,HOLD
17.241,17.268734764626707,HOLD,HOLD
17.058,17.18966967722655,HOLD,HOLD
17.127,17.218459392465043,HOLD,HOLD
17.441,17.422050298249523,HOLD,HOLD
17.615,17.35878803320133,SELL,SELL
17.489,17.421247837410032,HOLD,HOLD
16.913,16.88021527201758,HOLD,HOLD
16.989,17.01529163737583,HOLD,HOLD
17.036,17.079841258442215,HOLD,HOLD
16.954,17.042319322371014,HOLD,HOLD
17.166,17.11765094700073,HOLD,HOLD
17.141,17.323589965921048,BUY,BUY
16.966,16.958820476784997,HOLD,HOLD
17.035,17.11255356545649,HOLD,HOLD
17.01,17.012989798024677,HOLD,HOLD
17.144,17.14474047243757,HOLD,HOLD
17.285,17.210461266415315,HOLD,HOLD
17.269,17.179863682838228,HOLD,HOLD
17.267,17.152846604138325,HOLD,HOLD
17.206,17.15224639156435,HOLD,HOLD
17.145,17.069105571082012,HOLD,HOLD
16.923,16.850980676371655,HOLD,HOLD
16.756,16.694724761541575,HOLD,HOLD
16.604,16.526852887632376,HOLD,HOLD
16.444,16.386655733322257,HOLD,HOLD
16.239,16.21546459482823,HOLD,HOLD
16.275,16.260681242045944,HOLD,HOLD
16.153,16.174537098831564,HOLD,HOLD
16.205,16.150774058267196,HOLD,HOLD
16.063,16.057142625617697,HOLD,HOLD
15.934,15.960443885337872,HOLD,HOLD
15.869,16.01554301676328,HOLD,HOLD
15.668,15.731413128324364,HOLD,HOLD
15.785,15.782693851982037,HOLD,HOLD
15.823,15.842301329763044,HOLD,HOLD
15.802,15.773918747860076,HOLD,HOLD
15.955,16.016118302453652,HOLD,HOLD
16.068,16.15472500855577,HOLD,HOLD
16.373,16.354019959165672,HOLD,HOLD
16.388,16.411737186502336,HOLD,HOLD
16.474,16.441794829272226,HOLD,HOLD
16.561,16.69296208149626,HOLD,HOLD
16.918,16.957702338183267,HOLD,HOLD
17.119,17.19569706041091,HOLD,HOLD
17.093,17.09393372124176,HOLD,HOLD
17.216,17.17491393954135,HOLD,HOLD
16.96,16.983501582404948,HOLD,HOLD
16.842,16.970206814343527,HOLD,HOLD
17.373,17.25510526828047,HOLD,HOLD
17.072,17.05908149736382,HOLD,HOLD
16.971,17.091866848117323,HOLD,HOLD
17.073,16.94185771120878,HOLD,HOLD
17.047,16.980543006932603,HOLD,HOLD
16.871,16.91660873617144,HOLD,HOLD
16.975,17.004014151262993,HOLD,HOLD
17.138,17.174379709572815,HOLD,HOLD
16.94,17.01659204440874,HOLD,HOLD
17.235,17.11815240077082,HOLD,HOLD
16.834,16.923314790887,HOLD,HOLD
17.137,17.15214001067816,HOLD,HOLD
17.176,17.039780741674566,HOLD,HOLD
16.693,16.74004874052556,HOLD,HOLD
16.847,16.770749772993874,HOLD,HOLD
16.752,16.706453710136405,HOLD,HOLD
16.811,16.87422849269462,HOLD,HOLD
16.925,16.916304168558405,HOLD,HOLD
16.966,17.00006134743805,HOLD,HOLD
17.075,16.984528383572844,HOLD,HOLD
17.078,17.06932129579819,HOLD,HOLD
17.255,17.1688413100986,HOLD,HOLD
16.997,17.008420943326037,HOLD,HOLD
17.041,17.078451270850607,HOLD,HOLD
17.369,17.269580823516577,HOLD,HOLD
17.411,17.345962006478086,HOLD,HOLD
17.266,17.220808111560604,HOLD,HOLD
17.133,17.184541176565894,HOLD,HOLD
17.207,17.17536881495525,HOLD,HOLD
16.971,16.91760049134932,HOLD,HOLD
16.79,16.623090366976307,HOLD,HOLD
16.638,16.704135808981842,HOLD,HOLD
16.624,16.769020907417957,HOLD,HOLD
16.65,16.63861167822826,HOLD,HOLD
16.654,16.650802088364287,HOLD,HOLD
16.676,16.718049971796273,HOLD,HOLD
16.847,16.828911507332666,HOLD,HOLD
16.827,16.832851442690213,HOLD,HOLD
16.883,16.995878111206178,HOLD,HOLD
17.147,17.055545537668728,HOLD,HOLD
16.984,17.012437611352453,HOLD,HOLD
17.018,16.96950910741291,HOLD,HOLD
17.334,17.17972917029896,HOLD,HOLD
17.279,17.276471626007528,HOLD,HOLD
17.156,17.285052300198657,HOLD,HOLD
17.701,17.742479201089008,HOLD,HOLD
17.789,17.72701628367704,HOLD,HOLD
17.867,17.908124587776626,HOLD,HOLD
17.89,17.877695209413698,HOLD,HOLD
17.902,17.86293766679929,HOLD,HOLD
18.123,18.096002587456226,HOLD,HOLD
18.116,18.086895950655087,HOLD,HOLD
17.91,17.976102611593028,HOLD,HOLD
17.941,17.954642546831046,HOLD,HOLD
17.816,17.94042576234952,HOLD,HOLD
17.575,17.521918532563078,HOLD,HOLD
17.503,17.47089773255403,HOLD,HOLD
17.516,17.526488644795517,HOLD,HOLD
17.529,17.433931340983655,HOLD,HOLD
17.132,17.03070713355622,HOLD,HOLD
17.046,16.97989500928738,HOLD,HOLD
17.126,17.09688467667155,HOLD,HOLD
16.982,16.986412829384854,HOLD,HOLD
17.015,16.991671686293074,HOLD,HOLD
17.0,17.107883604570983,HOLD,HOLD
17.053,17.04745088135077,HOLD,HOLD
16.94,16.969845993508045,HOLD,HOLD
16.714,16.70983974626046,HOLD,HOLD
17.122,17.044702892932065,HOLD,HOLD
17.07,17.000458292988757,HOLD,HOLD
17.065,17.09031828941612,HOLD,HOLD
16.863,16.794421515277808,HOLD,HOLD
16.389,16.370560315854085,HOLD,HOLD
16.251,16.150798290576798,HOLD,HOLD
16.252,16.361180994346018,HOLD,HOLD
16.63,16.541069844727343,HOLD,HOLD
16.733,16.715277049213558,HOLD,HOLD
16.764,16.667295667617545,HOLD,HOLD
16.786,16.776116870477544,HOLD,HOLD
16.695,16.64932327823329,HOLD,HOLD
16.573,16.689433221149052,HOLD,HOLD
16.459,16.487468606700524,HOLD,HOLD
16.542,16.396565750365184,HOLD,HOLD
16.443,16.484013444739286,HOLD,HOLD
16.457,16.442706550500972,HOLD,HOLD
16.345,16.252641594924068,HOLD,HOLD
16.297,16.220576830553345,HOLD,HOLD
16.268,16.227965842257895,HOLD,HOLD
16.099,16.07734203274514,HOLD,HOLD
15.933,15.892598507825394,HOLD,HOLD
15.691,15.777848079831736,HOLD,HOLD
15.887,15.869013016128102,HOLD,HOLD
15.745,15.622047178001994,HOLD,HOLD
15.629,15.360442149298745,SELL,SELL
15.983,15.967294670920968,HOLD,HOLD
15.896,16.00594022392488,HOLD,HOLD
16.092,16.0732274536849,HOLD,HOLD
16.627,16.59090576822735,HOLD,HOLD
16.654,16.734889447432195,HOLD,HOLD
16.791,16.82665415041759,HOLD,HOLD
16.651,16.708960241347764,HOLD,HOLD
16.631,16.441472436675173,SELL,SELL
16.707,16.754369047913894,HOLD,HOLD
16.573,16.635553433222015,HOLD,HOLD
16.374,16.398681021108956,HOLD,HOLD
16.417,16.488805048273704,HOLD,HOLD
16.502,16.515898180405962,HOLD,HOLD
16.661,16.704243475445743,HOLD,HOLD
16.716,16.83012537145983,HOLD,HOLD
17.136,17.189386673723284,HOLD,HOLD
16.767,16.78021550633705,HOLD,HOLD
16.944,17.002923334677487,HOLD,HOLD
17.223,17.258281183430412,HOLD,HOLD
17.414,17.451288276585082,HOLD,HOLD
17.62,17.5746029221824,HOLD,HOLD
17.71,17.665874328785474,HOLD,HOLD
17.581,17.581347655622384,HOLD,HOLD
17.525,17.38245601066914,HOLD,HOLD
17.281,17.12051659180514,HOLD,HOLD
17.406,17.29522127442479,HOLD,HOLD
17.427,17.30742158881981,HOLD,HOLD
17.323,17.27488183471357,HOLD,HOLD
17.193,17.18152436187923,HOLD,HOLD
17.117,17.068360427740938,HOLD,HOLD
17.139,17.168231972862614,HOLD,HOLD
17.191,17.091710128314205,HOLD,HOLD
16.796,16.779315877757384,HOLD,HOLD
16.67,16.603588659796827,HOLD,HOLD
16.906,16.91301242037434,HOLD,HOLD
16.747,16.782444530467547,HOLD,HOLD
16.603,16.67814996550047,HOLD,HOLD
16.402,16.410144888773758,HOLD,HOLD
16.265,16.306925208660832,HOLD,HOLD
16.207,16.270681300227466,HOLD,HOLD
16.067,16.166297034496253,HOLD,HOLD
16.258,16.355247671740273,HOLD,HOLD
16.274,16.406879389564605,HOLD,HOLD
16.303,16.40753545931436,HOLD,HOLD
16.546,16.57221673998108,HOLD,HOLD
16.831,16.918384908077886,HOLD,HOLD
16.842,16.972097593933437,HOLD,HOLD
17.262,17.32998842185566,HOLD,HOLD
17.334,17.35468070542859,HOLD,HOLD
17.431,17.473367616448165,HOLD,HOLD
17.659,17.751327141167614,HOLD,HOLD
17.932,17.746025744226046,SELL,SELL
17.937,17.93208023341809,HOLD,HOLD
18.018,17.979854666158666,HOLD,HOLD
18.162,18.16529997719646,HOLD,HOLD
18.272,18.175326571705398,HOLD,HOLD
18.514,18.483466383899362,HOLD,HOLD
18.51,18.510012287614977,HOLD,HOLD
18.3,18.44450658760924,HOLD,HOLD
18.254,18.205553043569072,HOLD,HOLD
17.915,17.859723452787932,HOLD,HOLD
18.151,18.15143683939434,HOLD,HOLD
18.246,18.245570845124234,HOLD,HOLD
18.187,18.198811595204944,HOLD,HOLD
18.323,18.327230801906655,HOLD,HOLD
18.212,18.158771682991027,HOLD,HOLD
18.256,18.192743025604422,HOLD,HOLD
18.206,18.16893188885568,HOLD,HOLD
18.252,18.14863895998909,HOLD,HOLD
18.252,18.152533440259194,HOLD,HOLD
18.108,18.035043966968257,HOLD,HOLD
17.748,17.702656460639016,HOLD,HOLD
17.593,17.643673761343038,HOLD,HOLD
17.578,17.517996791631983,HOLD,HOLD
17.583,17.495540932661626,HOLD,HOLD
17.438,17.416852568781284,HOLD,HOLD
17.413,17.32199332994645,HOLD,HOLD
17.33,17.452676902363716,HOLD,HOLD
16.923,17.188862637035793,BUY,BUY
16.923,16.962872686551343,HOLD,HOLD
16.972,17.067164529084295,HOLD,HOLD
16.923,16.979507180822146,HOLD,HOLD
17.036,17.08174735858202,HOLD,HOLD
17.298,17.357520760597584,HOLD,HOLD
17.536,17.598611182254047,HOLD,HOLD
17.773,17.812994003278543,HOLD,HOLD
17.74,17.851330810335092,HOLD,HOLD
17.748,17.941562067912788,BUY,BUY
18.489,18.40336532353381,HOLD,HOLD
18.469,18.429706069286855,HOLD,HOLD
18.417,18.396324718951398,HOLD,HOLD
18.406,18.382686227314384,HOLD,HOLD
18.185,18.167463345082687,HOLD,HOLD
18.022,18.053386883956673,HOLD,HOLD
18.074,17.965303919132708,HOLD,HOLD
18.103,18.03587061181161,HOLD,HOLD
18.074,18.066095827674406,HOLD,HOLD
17.963,17.837770358164754,HOLD,HOLD
17.889,17.95409569708307,HOLD,HOLD
17.821,17.86247817490083,HOLD,HOLD
17.933,17.845741903109786,HOLD,HOLD
17.741,17.70893131947966,HOLD,HOLD
17.705,17.768101919139664,HOLD,HOLD
17.756,17.651374132181584,HOLD,HOLD
17.693,17.649396619629755,HOLD,HOLD
17.479,17.364454140939163,HOLD,HOLD
17.429,17.5877056737162,HOLD,HOLD
17.45,17.489027610784195,HOLD,HOLD
17.543,17.47521126250674,HOLD,HOLD
17.152,17.194516057024305,HOLD,HOLD
17.136,17.014494604299834,HOLD,HOLD
16.85,16.80491445643654,HOLD,HOLD
16.98,16.890324285148203,HOLD,HOLD
17.185,17.133116849291724,HOLD,HOLD
17.186,17.205029217518863,HOLD,HOLD
17.032,17.015401590984368,HOLD,HOLD
17.002,16.876779393908922,HOLD,HOLD
17.274,17.202201065506124,HOLD,HOLD
17.148,17.113565255106995,HOLD,HOLD
16.765,16.738546164000777,HOLD,HOLD
16.825,16.937111944687608,HOLD,HOLD
16.828,16.687369223630533,HOLD,HOLD
16.848,16.829669004113097,HOLD,HOLD
16.683,16.626848607346066,HOLD,HOLD
16.519,16.426848585084567,HOLD,HOLD
16.637,16.655170152946294,HOLD,HOLD
16.552,16.472785907605623,HOLD,HOLD
16.409,16.361334675934987,HOLD,HOLD
15.989,16.066868783089323,HOLD,HOLD
16.218,16.21487470650672,HOLD,HOLD
16.038,15.998996739149174,HOLD,HOLD
15.989,15.983574772654114,HOLD,HOLD
15.759,15.799854473366551,HOLD,HOLD
15.759,15.799854473366551,HOLD,HOLD
15.979,16.071453970216034,HOLD,HOLD
16.117,15.881664425729664,SELL,SELL
16.089,16.105918570910532,HOLD,HOLD
16.215,16.221773095041335,HOLD,HOLD
15.958,16.305328478582222,BUY,BUY
17.221,17.085268979188584,HOLD,HOLD
16.977,16.98966351390105,HOLD,HOLD
17.187,17.039551629778845,HOLD,HOLD
16.967,16.994313962228244,HOLD,HOLD
17.096,17.139890442193696,HOLD,HOLD
17.275,17.100933360482642,SELL,SELL
16.81,16.87483397420503,HOLD,HOLD
16.899,16.740135360302105,HOLD,HOLD
16.832,16.640943088299252,SELL,SELL
16.506,16.503336818573246,HOLD,HOLD
16.482,16.630472975651397,HOLD,HOLD
16.74,16.597669357947577,HOLD,HOLD
16.675,16.827164061424543,HOLD,HOLD
16.554,16.47947891696217,HOLD,HOLD
16.485,16.360513665991498,HOLD,HOLD
16.735,16.859707841329715,HOLD,HOLD
16.621,16.75576017383144,HOLD,HOLD
16.721,16.6451431689769,HOLD,HOLD
16.772,16.774197530813897,HOLD,HOLD
16.927,17.02955240867953,HOLD,HOLD
17.043,17.002304357438287,HOLD,HOLD
16.893,16.91961696158551,HOLD,HOLD
18.737,18.778962004298936,HOLD,HOLD
18.356,18.56413074046942,BUY,BUY
18.151,18.09695509973755,HOLD,HOLD
18.371,18.322562363794802,HOLD,HOLD
18.416,18.249538043175903,HOLD,HOLD
18.693,18.633978782916543,HOLD,HOLD
18.418,18.308473611623644,HOLD,HOLD
17.796,17.856729160354874,HOLD,HOLD
17.796,17.773448904748925,HOLD,HOLD
17.639,17.64325293834421,HOLD,HOLD
17.626,17.70364580923515,HOLD,HOLD
17.78,17.691818613400695,HOLD,HOLD
17.604,17.746870436595685,HOLD,HOLD
17.493,17.452786183859253,HOLD,HOLD
17.549,17.557318940645004,HOLD,HOLD
17.663,17.703688263009905,HOLD,HOLD
17.638,17.649349835536217,HOLD,HOLD
17.474,17.43170029771797,HOLD,HOLD
17.441,17.429705590360353,HOLD,HOLD
17.458,17.59060612265245,HOLD,HOLD
17.505,17.517034836590337,HOLD,HOLD
17.509,17.662250233221844,HOLD,HOLD
17.659,17.75025150973381,HOLD,HOLD
17.38,17.42706768666012,HOLD,HOLD
17.345,17.399893048894704,HOLD,HOLD
17.695,17.818573787009555,HOLD,HOLD
17.775,18.129360559028342,BUY,BUY
18.868,18.992755181057554,HOLD,HOLD
19.214,19.572764061244413,BUY,BUY
19.188,19.259108700321203,HOLD,HOLD
19.121,19.09645251993498,HOLD,HOLD
19.165,19.25611164426454,HOLD,HOLD
19.596,19.559412886303924,HOLD,HOLD
19.81,19.800396427001075,HOLD,HOLD
20.099,19.996345263175986,HOLD,HOLD
19.768,19.60388230865827,HOLD,HOLD
19.277,19.271810871336083,HOLD,HOLD
19.29,19.227992740806613,HOLD,HOLD
18.862,18.835696719933924,HOLD,HOLD
19.041,19.105883955840035,HOLD,HOLD
19.066,19.042809330707122,HOLD,HOLD
18.975,19.083050268901374,HOLD,HOLD
19.0,18.924509186167146,HOLD,HOLD
19.368,19.29218877277918,HOLD,HOLD
19.678,19.810387633154477,HOLD,HOLD
19.848,19.99181611579862,HOLD,HOLD
19.848,19.89613435287818,HOLD,HOLD
20.138,19.28406603092135,SELL,SELL
18.943,18.868910843574888,HOLD,HOLD
18.622,18.692331539600907,HOLD,HOLD
18.577,18.69961456767635,HOLD,HOLD
18.768,18.63621319266064,HOLD,HOLD
18.651,18.869471652957248,BUY,BUY
18.489,18.543737471098858,HOLD,HOLD
18.556,18.700189557130866,HOLD,HOLD
18.922,18.960669649165524,HOLD,HOLD
18.859,18.870462078801992,HOLD,HOLD
19.317,19.40377741015432,HOLD,HOLD
19.74,19.822657462064548,HOLD,HOLD
19.648,19.562021152405563,HOLD,HOLD
19.874,19.94831408749169,HOLD,HOLD
19.847,19.929943910253847,HOLD,HOLD
19.703,19.931688231219614,BUY,BUY
20.02,20.09878511051107,HOLD,HOLD
20.17,20.33658815210288,HOLD,HOLD
19.85,19.75685561203334,HOLD,HOLD
19.805,19.771265747491483,HOLD,HOLD
19.817,19.966823987105133,HOLD,HOLD
20.443,20.2635973980898,HOLD,HOLD
20.471,20.55534909321952,HOLD,HOLD
20.701,20.64961760724642,HOLD,HOLD
20.5,20.564056080766626,HOLD,HOLD
20.347,20.23744943167637,HOLD,HOLD
20.192,20.35401902147749,HOLD,HOLD
19.995,20.165641136334706,HOLD,HOLD
19.683,19.65705301711201,HOLD,HOLD
19.647,19.503732215078763,HOLD,HOLD
19.689,19.80345982988709,HOLD,HOLD
19.815,19.674683874250285,HOLD,HOLD
19.613,19.618232530184535,HOLD,HOLD
20.007,19.950849973293295,HOLD,HOLD
20.075,19.953080016452862,HOLD,HOLD
20.165,20.162749884861334,HOLD,HOLD
20.322,20.296673439259436,HOLD,HOLD
20.413,20.273546650590458,HOLD,HOLD
20.171,20.2898374640177,HOLD,HOLD
20.304,20.49972415552635,HOLD,HOLD
20.099,19.890492663638888,SELL,SELL
19.838,19.84005987364825,HOLD,HOLD
20.203,20.36797645381397,HOLD,HOLD
19.588,19.64475482148554,HOLD,HOLD
18.582,18.655527887976696,HOLD,HOLD
18.362,18.315298608262683,HOLD,HOLD
17.843,17.68066168409996,HOLD,HOLD
17.744,17.80539950027103,HOLD,HOLD
17.789,18.000592505006875,BUY,BUY
17.353,17.404316017354155,HOLD,HOLD
17.312,17.21012809848537,HOLD,HOLD
17.319,17.356100363324547,HOLD,HOLD
17.514,17.49008147184641,HOLD,HOLD
17.411,17.438771787562757,HOLD,HOLD
17.607,17.520181883735855,HOLD,HOLD
17.503,17.536056736732007,HOLD,HOLD
17.424,17.32186540106355,HOLD,HOLD
17.443,17.26737000095637,SELL,SELL
17.33,17.26559170756107,HOLD,HOLD
17.268,17.18483189191057,HOLD,HOLD
16.985,16.903054814635137,HOLD,HOLD
16.394,16.316978912029246,HOLD,HOLD
16.447,16.47061672060004,HOLD,HOLD
16.365,16.30917709268721,HOLD,HOLD
16.025,15.997110138812369,HOLD,HOLD
15.927,15.944470521839788,HOLD,HOLD
15.994,16.020492212825037,HOLD,HOLD
16.269,16.239027684896364,HOLD,HOLD
16.343,16.45298453900757,HOLD,HOLD
16.261,16.301324020908325,HOLD,HOLD
16.254,16.303288702744933,HOLD,HOLD
16.423,16.43938423315692,HOLD,HOLD
16.532,16.57794602882069,HOLD,HOLD
16.493,16.56685782389834,HOLD,HOLD
17.132,16.90853859037565,SELL,SELL
17.25,17.236833529848315,HOLD,HOLD
17.154,17.301790888468034,HOLD,HOLD
17.132,17.02635115182196,HOLD,HOLD
17.103,17.159876941533213,HOLD,HOLD
17.319,17.46813459337724,HOLD,HOLD
17.092,17.061047080863244,HOLD,HOLD
17.089,17.133645326181455,HOLD,HOLD
17.527,17.454332347357187,HOLD,HOLD
17.327,17.5190588485166,BUY,BUY
17.301,17.326340062435428,HOLD,HOLD
17.499,17.546671684358373,HOLD,HOLD
17.682,17.765329594975825,HOLD,HOLD
17.819,17.899389451277568,HOLD,HOLD
17.588,17.50899611809995,HOLD,HOLD
17.335,17.327733752162878,HOLD,HOLD
17.159,17.05480926593066,HOLD,HOLD
17.059,17.065395527946613,HOLD,HOLD
16.95,17.211701190515136,BUY,BUY
17.141,17.362752940702872,BUY,BUY
17.135,17.096443775887735,HOLD,HOLD
16.972,16.82604441158857,HOLD,HOLD
16.253,16.20842391330248,HOLD,HOLD
16.313,16.280908765460843,HOLD,HOLD
16.173,16.041551451972676,HOLD,HOLD
16.325,16.17144867666354,HOLD,HOLD
16.222,16.043469504291522,SELL,SELL
15.976,15.806551966841266,SELL,SELL
15.384,15.270693297243529,HOLD,HOLD
15.158,15.274739896537259,HOLD,HOLD
15.054,15.02193428253649,HOLD,HOLD
15.116,15.127583092076502,HOLD,HOLD
14.944,15.027503977196666,HOLD,HOLD
15.046,15.003705064237709,HOLD,HOLD
15.464,15.442725839870224,HOLD,HOLD
15.211,15.298462219050212,HOLD,HOLD
15.233,15.21140057955865,HOLD,HOLD
15.19,15.284672338240949,HOLD,HOLD
15.199,15.194939088776117,HOLD,HOLD
15.272,15.461885311681277,BUY,BUY
15.885,15.939460167798837,HOLD,HOLD
15.847,15.821419458671347,HOLD,HOLD
15.811,15.960525835842242,HOLD,HOLD
16.033,15.904297183042072,HOLD,HOLD
16.033,15.508456943332934,SELL,SELL
15.261,15.280705524073696,HOLD,HOLD
15.521,15.607653980235362,HOLD,HOLD
15.605,15.617661922280998,HOLD,HOLD
15.549,15.460948918079108,HOLD,HOLD
15.366,15.311588135212968,HOLD,HOLD
15.39,15.515397494256472,HOLD,HOLD
15.633,15.699411449451299,HOLD,HOLD
15.694,15.61086177320054,HOLD,HOLD
15.146,15.15563885282888,HOLD,HOLD
15.022,14.938865175438576,HOLD,HOLD
14.756,14.928866645041108,BUY,BUY
14.918,14.786010930536019,HOLD,HOLD
14.714,14.89557953324392,BUY,BUY
15.199,15.174992848293792,HOLD,HOLD
15.332,15.463753565570212,HOLD,HOLD
15.28,15.311329410198853,HOLD,HOLD
15.221,15.0983819105352,HOLD,HOLD
15.373,15.378760385666713,HOLD,HOLD
15.432,15.432018491959804,HOLD,HOLD
15.377,15.312169551324331,HOLD,HOLD
15.334,15.476153240689692,HOLD,HOLD
15.79,15.474862769984485,SELL,SELL
15.794,15.790629060088971,HOLD,HOLD
15.282,15.18664147281783,HOLD,HOLD
15.449,15.362512369017603,HOLD,HOLD
15.426,15.272676802261037,HOLD,HOLD
14.778,14.861974603361075,HOLD,HOLD
14.85,14.824290617043065,HOLD,HOLD
14.734,14.645849896540645,HOLD,HOLD
14.289,14.323845876259096,HOLD,HOLD
14.343,14.330659168999105,HOLD,HOLD
14.243,14.225087508896301,HOLD,HOLD
14.232,14.218566559439516,HOLD,HOLD
14.459,14.452015098207927,HOLD,HOLD
14.564,14.46031363934117,HOLD,HOLD
14.254,14.208943933158881,HOLD,HOLD
14.057,14.220374717100535,BUY,BUY
14.094,13.991696127880285,HOLD,HOLD
14.16,14.13537004070876,HOLD,HOLD
14.121,14.037451139471711,HOLD,HOLD
13.896,13.920186953597106,HOLD,HOLD
13.748,13.872128478555496,HOLD,HOLD
14.156,14.058870771727756,HOLD,HOLD
13.751,13.793020798336107,HOLD,HOLD
13.866,13.940946270802298,HOLD,HOLD
13.918,14.011855332871784,HOLD,HOLD
14.344,14.077073194170918,SELL,SELL
13.976,14.011794771558012,HOLD,HOLD
13.971,13.99236778970182,HOLD,HOLD
13.841,14.066596754456931,BUY,BUY
13.803,13.858383543262997,HOLD,HOLD
13.83,13.896850787102736,HOLD,HOLD
13.928,13.963296985543847,HOLD,HOLD
13.884,14.042876552236962,BUY,BUY
14.379,14.373223132454317,HOLD,HOLD
14.379,14.342950580126825,HOLD,HOLD
14.287,14.274386965828228,HOLD,HOLD
14.314,14.333073941046557,HOLD,HOLD
14.315,14.218364623579443,HOLD,HOLD
14.096,14.038003941302378,HOLD,HOLD
13.703,13.840243998668516,BUY,BUY
14.248,14.148371327919993,HOLD,HOLD
13.77,13.747284460780929,HOLD,HOLD
13.695,13.745279721992059,HOLD,HOLD
13.884,13.887298057202564,HOLD,HOLD
14.11,14.103970096178497,HOLD,HOLD
14.189,14.25548653455859,HOLD,HOLD
14.116,14.200902819468368,HOLD,HOLD
14.332,14.508392484642329,BUY,BUY
14.528,14.40776908780437,HOLD,HOLD
14.077,13.973373122887649,HOLD,HOLD
14.009,14.006670485240225,HOLD,HOLD
14.083,14.076944698485384,HOLD,HOLD
14.086,14.08834713231275,HOLD,HOLD
14.048,14.100380502278345,HOLD,HOLD
14.175,14.169031238773027,HOLD,HOLD
14.175,14.184526853494983,HOLD,HOLD
14.188,14.200293541021718,HOLD,HOLD
14.061,14.002884012609867,HOLD,HOLD
14.126,14.21771226077076,HOLD,HOLD
14.253,14.306496832460372,HOLD,HOLD
14.081,14.071507679431999,HOLD,HOLD
14.171,14.138055819901098,HOLD,HOLD
14.222,14.30529075627002,HOLD,HOLD
14.204,14.239961863765565,HOLD,HOLD
14.225,14.322743848067937,HOLD,HOLD
14.263,14.245675495681173,HOLD,HOLD
14.356,14.363473727004411,HOLD,HOLD
14.413,14.512092098716037,HOLD,HOLD
14.691,14.824071664547745,HOLD,HOLD
14.983,14.969839463439843,HOLD,HOLD
15.058,15.216485821096521,BUY,BUY
15.239,15.291923873086153,HOLD,HOLD
15.408,15.342114989849374,HOLD,HOLD
15.567,15.54811980944472,HOLD,HOLD
15.55,15.705168372649668,HOLD,HOLD
16.293,16.108172528033542,SELL,SELL
15.863,15.873905502159346,HOLD,HOLD
15.905,15.886594152462706,HOLD,HOLD
15.827,15.940434880615411,HOLD,HOLD
15.837,15.81465109212322,HOLD,HOLD
15.71,15.72210982877617,HOLD,HOLD
15.917,15.860862324020061,HOLD,HOLD
15.841,15.909661866414641,HOLD,HOLD
16.114,16.019513367963018,HOLD,HOLD
16.164,16.15990220216563,HOLD,HOLD
16.117,15.930930178975196,SELL,SELL
15.907,15.794254971107854,HOLD,HOLD
15.864,15.958128868309295,HOLD,HOLD
15.818,15.848557087088222,HOLD,HOLD
15.766,15.59325100773337,SELL,SELL
16.094,15.93652833002148,HOLD,HOLD
15.984,15.921190765160121,HOLD,HOLD
15.708,15.48812140142501,SELL,SELL
15.263,14.980521780733195,SELL,SELL
14.511,14.569151322168796,HOLD,HOLD
14.518,14.5678838465006,HOLD,HOLD
14.573,14.572292763331815,HOLD,HOLD
14.538,14.674198101329488,HOLD,HOLD
15.111,15.06130976377247,HOLD,HOLD
15.13,15.046706050127547,HOLD,HOLD
14.789,14.809316314855181,HOLD,HOLD
14.756,14.864928425375709,HOLD,HOLD
15.221,15.159130087538292,HOLD,HOLD
15.163,15.270062635836453,HOLD,HOLD
14.984,15.065364636906988,HOLD,HOLD
14.885,14.527144439314164,SELL,SELL
14.326,14.305040895186547,HOLD,HOLD
14.363,14.403965961400038,HOLD,HOLD
14.505,14.419040662924111,HOLD,HOLD
14.645,14.731267264804265,HOLD,HOLD
14.576,14.806128464354781,BUY,BUY
14.755,14.732407322148614,HOLD,HOLD
14.549,14.543383043855394,HOLD,HOLD
14.549,14.632385112878172,HOLD,HOLD
14.707,14.788264088008958,HOLD,HOLD
14.667,14.634616928138495,HOLD,HOLD
14.62,14.635842321838958,HOLD,HOLD
14.586,14.507244738940582,HOLD,HOLD
14.549,14.510737869576232,HOLD,HOLD
14.437,14.411263662529482,HOLD,HOLD
14.078,14.194468585707986,HOLD,HOLD
14.651,14.72828093024069,HOLD,HOLD
14.798,14.874147794854089,HOLD,HOLD
15.348,15.41231841385136,HOLD,HOLD
15.562,15.519794903293114,HOLD,HOLD
15.222,15.183454094369921,HOLD,HOLD
14.79,14.879411506405146,HOLD,HOLD
15.298,15.297770205695262,HOLD,HOLD
15.213,15.347637619148957,HOLD,HOLD
15.399,15.364588506495743,HOLD,HOLD
15.476,15.372498990986543,HOLD,HOLD
15.284,15.218241357519583,HOLD,HOLD
15.292,15.166278566427245,HOLD,HOLD
14.821,14.839924376914482,HOLD,HOLD
14.677,14.603086107369409,HOLD,HOLD
14.553,14.578065888149304,HOLD,HOLD
14.557,14.498117885233558,HOLD,HOLD
14.515,14.631056943729389,HOLD,HOLD
14.745,14.759699368753413,HOLD,HOLD
14.696,14.662625966335504,HOLD,HOLD
14.743,14.774391194116244,HOLD,HOLD
14.642,14.62240653698843,HOLD,HOLD
14.605,14.58482044883258,HOLD,HOLD
14.488,14.479021155309262,HOLD,HOLD
14.701,14.758201420182582,HOLD,HOLD
14.73,14.68751439717019,HOLD,HOLD
14.785,14.759945022313769,HOLD,HOLD
14.758,14.69552503137314,HOLD,HOLD
14.834,14.87463078349931,HOLD,HOLD
14.984,14.966583324345656,HOLD,HOLD
15.048,15.090570681239917,HOLD,HOLD
15.315,15.304411217378542,HOLD,HOLD
15.457,15.60149679957517,HOLD,HOLD
15.481,15.534689774187706,HOLD,HOLD
15.361,15.311594718728912,HOLD,HOLD
15.163,14.916042334000997,SELL,SELL
14.969,14.959408098885039,HOLD,HOLD
15.753,15.639538035090524,HOLD,HOLD
15.562,15.557335927674753,HOLD,HOLD
15.562,15.644541917405698,HOLD,HOLD
15.577,15.58116343603223,HOLD,HOLD
15.581,15.581952174287563,HOLD,HOLD
15.695,15.84423273976464,HOLD,HOLD
15.768,15.631069870204225,HOLD,HOLD
15.841,15.839123467331486,HOLD,HOLD
15.89,15.844579040139815,HOLD,HOLD
15.737,15.834389932957267,HOLD,HOLD
16.142,16.080100769369025,HOLD,HOLD
16.109,15.99634201943346,HOLD,HOLD
16.153,16.2897213302334,HOLD,HOLD
15.947,16.111722896181455,BUY,BUY
15.965,15.97795548452093,HOLD,HOLD
16.083,16.014288576632076,HOLD,HOLD
15.825,15.857782355200294,HOLD,HOLD
15.96,15.880925350452046,HOLD,HOLD
15.959,16.098408029648585,HOLD,HOLD
15.957,16.061309825633696,HOLD,HOLD
15.959,15.974814888909382,HOLD,HOLD
15.984,16.031715356569016,HOLD,HOLD
16.103,16.200467051864948,HOLD,HOLD
16.48,16.50622376710441,HOLD,HOLD
16.799,16.724625876076743,HOLD,HOLD
16.68,16.962386458535043,BUY,BUY
16.701,16.776393111623033,HOLD,HOLD
16.669,16.649838789939484,HOLD,HOLD
16.647,16.67786913699042,HOLD,HOLD
16.746,16.823963765103645,HOLD,HOLD
17.051,17.04773656341713,HOLD,HOLD
17.051,17.13878275204175,HOLD,HOLD
17.132,17.136245632721838,HOLD,HOLD
17.113,17.114401306973257,HOLD,HOLD
17.071,17.140004442722667,HOLD,HOLD
17.732,17.664550146335365,HOLD,HOLD
17.563,17.36957123917826,SELL,SELL
17.465,17.40195860696424,HOLD,HOLD
17.221,17.006424072581204,SELL,SELL
16.526,16.39071176525267,HOLD,HOLD
16.314,16.418353463903006,HOLD,HOLD
16.465,16.451245482187314,HOLD,HOLD
16.297,16.37065848083602,HOLD,HOLD
16.506,16.50805877326221,HOLD,HOLD
16.579,16.57924893302206,HOLD,HOLD
16.441,16.583044186918286,HOLD,HOLD
16.135,16.04983601195026,HOLD,HOLD
16.153,16.141498669899534,HOLD,HOLD
16.702,16.54907757701746,HOLD,HOLD
16.63,16.557078782246045,HOLD,HOLD
16.439,16.26564231276326,SELL,SELL
15.68,15.696613963385952,HOLD,HOLD
15.829,15.833269264896753,HOLD,HOLD
15.796,15.823711083650727,HOLD,HOLD
16.008,16.051407826441597,HOLD,HOLD
15.889,15.99993053563632,HOLD,HOLD
16.229,16.370594440083412,HOLD,HOLD
16.284,16.304451440279546,HOLD,HOLD
16.279,16.234358512471587,HOLD,HOLD
16.161,16.09238655049175,HOLD,HOLD
16.291,16.40681170669724,HOLD,HOLD
16.382,16.505816273570638,HOLD,HOLD
16.176,16.22738576815132,HOLD,HOLD
16.454,16.55294127077956,HOLD,HOLD
16.84,16.80712470965051,HOLD,HOLD
17.11,17.178530353498648,HOLD,HOLD
16.701,16.69740733406197,HOLD,HOLD
16.701,16.723778397951882,HOLD,HOLD
17.059,16.86257238830112,SELL,SELL
16.598,16.59631693611336,HOLD,HOLD
16.674,16.839849309578433,HOLD,HOLD
17.069,17.000954680059678,HOLD,HOLD
17.14,17.240335062962494,HOLD,HOLD
17.0,17.014311316898304,HOLD,HOLD
16.983,16.89180251851527,HOLD,HOLD
16.891,16.89319255188837,HOLD,HOLD
16.883,16.64406460279463,SELL,SELL
16.114,16.030958757901185,HOLD,HOLD
15.541,15.865385258030994,BUY,BUY
15.578,15.504314223579932,HOLD,HOLD
15.617,15.618653583619075,HOLD,HOLD
15.494,15.552885525528573,HOLD,HOLD
15.516,15.555829100832021,HOLD,HOLD
15.365,15.441515507458247,HOLD,HOLD
15.633,15.694103934268783,HOLD,HOLD
15.776,15.790629535140674,HOLD,HOLD
15.807,15.90966495084961,HOLD,HOLD
16.158,16.25849941193238,HOLD,HOLD
16.158,16.153896558233825,HOLD,HOLD
16.296,16.293986261134034,HOLD,HOLD
16.451,16.570345573931412,HOLD,HOLD
16.558,16.561754156151014,HOLD,HOLD
16.624,16.789323888181073,HOLD,HOLD
16.474,16.621236266087532,HOLD,HOLD
16.233,16.27796876750247,HOLD,HOLD
16.299,16.397523740821228,HOLD,HOLD
16.273,16.364138986852033,HOLD,HOLD
16.381,16.589699857620232,BUY,BUY
16.265,16.370319952492526,HOLD,HOLD
16.378,16.654311381313125,BUY,BUY
17.294,17.29096514265514,HOLD,HOLD
17.294,17.260979269639616,HOLD,HOLD
16.794,16.836542071933273,HOLD,HOLD
16.761,16.87815938997111,HOLD,HOLD
16.873,16.904662907537727,HOLD,HOLD
17.07,16.972887893268123,HOLD,HOLD
16.694,16.828040894081226,HOLD,HOLD
17.196,17.161663670260666,HOLD,HOLD
17.395,17.392060148840486,HOLD,HOLD
17.321,17.48792759518257,HOLD,HOLD
17.251,17.174517740093172,HOLD,HOLD
17.208,17.124958127745458,HOLD,HOLD
16.773,17.152236429228687,BUY,BUY
18.088,18.11452014931792,HOLD,HOLD
18.084,18.083402856010395,HOLD,HOLD
17.983,18.01577611426598,HOLD,HOLD
18.3,18.241013416240627,HOLD,HOLD
18.36,18.357967881205422,HOLD,HOLD
18.193,18.19081079177025,HOLD,HOLD
17.956,17.90317363534416,HOLD,HOLD
17.75,17.747394081472144,HOLD,HOLD
17.75,17.561679590898144,SELL,SELL
17.102,17.098784536837453,HOLD,HOLD
16.988,16.9846773021332,HOLD,HOLD
17.156,17.025457625341414,HOLD,HOLD
16.564,16.522049677125956,HOLD,HOLD
16.419,16.437386699478772,HOLD,HOLD
16.385,16.38111008698703,HOLD,HOLD
16.544,16.5402596511798,HOLD,HOLD
16.637,16.640549163711295,HOLD,HOLD
16.213,16.20894829427535,HOLD,HOLD
15.768,15.811376634613383,HOLD,HOLD
15.599,15.594370731920872,HOLD,HOLD
15.599,15.796947811197285,BUY,BUY
16.276,16.24983286801653,HOLD,HOLD
15.779,15.774540049874952,HOLD,HOLD
16.147,16.146468621963024,HOLD,HOLD
15.71,15.705475144659221,HOLD,HOLD
15.71,15.770176272243411,HOLD,HOLD
15.767,15.750137321967296,HOLD,HOLD
15.688,15.683454450242612,HOLD,HOLD
16.03,16.01018997021408,HOLD,HOLD
15.934,16.08487138091103,HOLD,HOLD
15.928,15.873929863653194,HOLD,HOLD
15.752,16.069062854826083,BUY,BUY
16.563,16.559277523630506,HOLD,HOLD
17.057,17.124348851727227,HOLD,HOLD
17.112,17.105119005603235,HOLD,HOLD
17.187,17.166349624069042,HOLD,HOLD
17.134,16.937834959072536,SELL,SELL
16.276,16.324878307092703,HOLD,HOLD
16.258,16.354798933840165,HOLD,HOLD
16.575,16.571512523869266,HOLD,HOLD
16.412,16.433385998437178,HOLD,HOLD
16.456,16.222878333783466,SELL,SELL
16.692,15.918531112587377,SELL,SELL
15.556,15.887467349023908,BUY,BUY
16.606,16.60231797180843,HOLD,HOLD
16.606,16.5339015962849,HOLD,HOLD
16.611,16.67834450704879,HOLD,HOLD
16.435,16.395289274599257,HOLD,HOLD
16.459,16.453409989453387,HOLD,HOLD
16.137,16.145666102839446,HOLD,HOLD
16.294,16.222322085598186,HOLD,HOLD
16.174,16.209943220381493,HOLD,HOLD
16.057,16.206917163705864,HOLD,HOLD
16.314,15.902967141631033,SELL,SELL
15.621,15.67106391704525,HOLD,HOLD
15.623,15.640662692352212,HOLD,HOLD
15.678,15.692345594140127,HOLD,HOLD
15.671,15.629881185788895,HOLD,HOLD
15.714,15.338576494018604,SELL,SELL
15.413,15.324256450575612,HOLD,HOLD
15.439,15.403897226272015,HOLD,HOLD
15.953,16.000587130191732,HOLD,HOLD
16.201,15.92709248893184,SELL,SELL
16.106,15.90371395354465,SELL,SELL
16.42,16.63599223495842,BUY,BUY
17.264,17.151296899207853,HOLD,HOLD
17.226,17.288916193369708,HOLD,HOLD
17.161,17.14171152151914,HOLD,HOLD
17.182,17.264303263275323,HOLD,HOLD
17.158,17.12877572452906,HOLD,HOLD
17.231,17.24513000953277,HOLD,HOLD
17.549,17.54241567663603,HOLD,HOLD
17.354,17.407300491195695,HOLD,HOLD
17.331,17.313444939863025,HOLD,HOLD
17.437,17.337846280532947,HOLD,HOLD
17.464,17.444111030897584,HOLD,HOLD
17.403,17.42605685508545,HOLD,HOLD
17.345,17.533607528192796,BUY,BUY
17.303,17.29256353904045,HOLD,HOLD
17.418,17.589439131464065,HOLD,HOLD
17.064,17.289909713067132,BUY,BUY
17.24,17.36555258719973,HOLD,HOLD
17.225,17.102842710649995,HOLD,HOLD
16.826,16.832000326388282,HOLD,HOLD
17.047,17.12130433131203,HOLD,HOLD
17.259,17.23203391608125,HOLD,HOLD
17.057,17.11369145402539,HOLD,HOLD
17.567,17.514824697613758,HOLD,HOLD
17.537,17.618679274128276,HOLD,HOLD
17.438,17.399943693757464,HOLD,HOLD
17.702,17.66026754184147,HOLD,HOLD
17.779,17.834251414343257,HOLD,HOLD
17.774,17.488676167429986,SELL,SELL
17.844,18.052622924818955,BUY,BUY
18.517,18.42022059589509,HOLD,HOLD
18.734,18.626445185283053,HOLD,HOLD
18.721,18.793057179394854,HOLD,HOLD
18.62,18.64278324522319,HOLD,HOLD
18.606,18.548059255138106,HOLD,HOLD
18.599,18.703865702010923,HOLD,HOLD
18.926,18.98578674413007,HOLD,HOLD
18.92,19.011151803746596,HOLD,HOLD
18.961,19.11978124236284,HOLD,HOLD
19.156,19.188608271101945,HOLD,HOLD
19.138,19.167626081968262,HOLD,HOLD
19.189,19.207584422666997,HOLD,HOLD
19.152,19.271332180464636,HOLD,HOLD
19.492,19.491032703005537,HOLD,HOLD
19.492,19.591959140762196,HOLD,HOLD
19.609,19.81279089051523,BUY,BUY
19.475,19.480692497093788,HOLD,HOLD
19.459,19.62827008039111,HOLD,HOLD
19.431,19.44415598322223,HOLD,HOLD
19.459,19.496615651179795,HOLD,HOLD
19.487,19.419783387204593,HOLD,HOLD
19.567,19.5882530958416,HOLD,HOLD
19.412,19.509766619884463,HOLD,HOLD
19.635,19.586093192533216,HOLD,HOLD
19.525,19.677857866392397,HOLD,HOLD
19.906,19.914862704900518,HOLD,HOLD
19.845,19.88670221537421,HOLD,HOLD
19.905,20.018359176549776,HOLD,HOLD
20.095,20.005196141641285,HOLD,HOLD
19.941,20.02747028128347,HOLD,HOLD
19.99,19.988899867870586,HOLD,HOLD
20.024,20.02771628618305,HOLD,HOLD
19.833,19.96567531039704,HOLD,HOLD
20.233,20.32501088902845,HOLD,HOLD
20.371,20.42215965083477,HOLD,HOLD
20.412,20.650483180552243,BUY,BUY
20.597,20.632622403853645,HOLD,HOLD
20.583,20.69893785533153,HOLD,HOLD
20.567,20.64373291051517,HOLD,HOLD
20.636,20.654029224258693,HOLD,HOLD
20.415,20.540926615349985,HOLD,HOLD
20.995,21.02460301412498,HOLD,HOLD
21.008,20.950148676744384,HOLD,HOLD
21.012,21.052451085023094,HOLD,HOLD
20.886,20.98853573281151,HOLD,HOLD
21.134,21.12861252414649,HOLD,HOLD
20.775,20.760908475192345,HOLD,HOLD
20.889,20.874545558145112,HOLD,HOLD
20.914,21.109398499744458,HOLD,HOLD
21.461,21.507427876807593,HOLD,HOLD
21.508,21.490447586059947,HOLD,HOLD
21.068,21.199438128306344,HOLD,HOLD
21.013,21.10457299869521,HOLD,HOLD
21.014,20.977682352940718,HOLD,HOLD
21.137,21.137580080974782,HOLD,HOLD
21.137,21.189138419580658,HOLD,HOLD
21.302,21.179627346136954,HOLD,HOLD
21.117,21.205377741315175,HOLD,HOLD
21.056,20.96204469938558,HOLD,HOLD
21.134,21.07768693938216,HOLD,HOLD
21.162,20.995833058544786,HOLD,HOLD
21.171,21.01574798241293,HOLD,HOLD
21.097,21.094363187382484,HOLD,HOLD
20.964,20.882919555070565,HOLD,HOLD
20.949,20.796430439023954,HOLD,HOLD
20.648,20.595122801392698,HOLD,HOLD
19.778,19.817589103780445,HOLD,HOLD
19.732,19.58337235841645,HOLD,HOLD
19.715,19.74804412739747,HOLD,HOLD
19.655,19.62712411086571,HOLD,HOLD
19.533,19.43257713490055,HOLD,HOLD
19.172,19.261187593776192,HOLD,HOLD
19.168,19.13221107585242,HOLD,HOLD
19.066,19.117760355766414,HOLD,HOLD
18.991,19.042880167974626,HOLD,HOLD
19.083,18.965054934601508,HOLD,HOLD
18.792,18.8094983809767,HOLD,HOLD
18.763,18.84194860924524,HOLD,HOLD
18.739,18.746870164332222,HOLD,HOLD
18.682,18.776328141757066,HOLD,HOLD
19.014,18.898946980425794,HOLD,HOLD
19.059,19.060682689983516,HOLD,HOLD
19.067,19.19010152923922,HOLD,HOLD
19.418,19.416963094513303,HOLD,HOLD
19.418,19.378508847637278,HOLD,HOLD
19.52,19.677240615972234,HOLD,HOLD
19.338,19.377512718230886,HOLD,HOLD
19.399,19.347436687818973,HOLD,HOLD
19.353,19.55575678977139,BUY,BUY
19.329,19.34985856074023,HOLD,HOLD
19.484,19.57034404033833,HOLD,HOLD
19.775,19.851271430459818,HOLD,HOLD
19.547,19.479430611318303,HOLD,HOLD
19.543,19.4504679572138,HOLD,HOLD
19.121,19.178445760920205,HOLD,HOLD
19.138,19.23364441588996,HOLD,HOLD
19.342,19.507155880696924,HOLD,HOLD
19.645,19.60595091018671,HOLD,HOLD
19.571,19.647663475705354,HOLD,HOLD
19.546,19.42073401115591,HOLD,HOLD
19.043,19.044610014581977,HOLD,HOLD
19.174,19.204985972770718,HOLD,HOLD
19.538,19.43566451465567,HOLD,HOLD
19.619,19.594955770178984,HOLD,HOLD
19.718,19.694812914494598,HOLD,HOLD
19.714,19.43918792946862,SELL,SELL
19.467,19.520565291742038,HOLD,HOLD
19.361,19.406566127891438,HOLD,HOLD
19.351,19.416896784993096,HOLD,HOLD
19.596,19.595130531156784,HOLD,HOLD
19.596,19.567296332653523,HOLD,HOLD
19.634,19.574818027673228,HOLD,HOLD
19.489,19.445803818923153,HOLD,HOLD
20.01,19.890725973743905,HOLD,HOLD
19.946,20.018420190829755,HOLD,HOLD
20.091,20.250866891890055,HOLD,HOLD
19.77,19.771587038033317,HOLD,HOLD
20.057,20.07670745177436,HOLD,HOLD
19.907,19.8556317113821,HOLD,HOLD
19.946,20.086101620424554,HOLD,HOLD
19.805,19.822246048603535,HOLD,HOLD
20.05,20.02189312230178,HOLD,HOLD
19.688,19.774715030651496,HOLD,HOLD
19.752,19.876264176296164,HOLD,HOLD
19.79,19.792532235415585,HOLD,HOLD
19.708,19.712174903883607,HOLD,HOLD
19.78,19.868445755510066,HOLD,HOLD
19.979,20.11050995911485,HOLD,HOLD
20.067,20.184917378428704,HOLD,HOLD
20.31,20.474003214461828,HOLD,HOLD
20.43,20.366403093747238,HOLD,HOLD
20.826,20.698793478390677,HOLD,HOLD
20.862,20.83911587707913,HOLD,HOLD
21.275,21.35204698831464,HOLD,HOLD
21.413,21.590247974783036,HOLD,HOLD
21.198,21.282422202495717,HOLD,HOLD
21.358,21.24923220941077,HOLD,HOLD
20.815,21.06900295048978,BUY,BUY
20.91,20.801115939384967,HOLD,HOLD
20.928,21.0637542325547,HOLD,HOLD
21.574,21.460866363880704,HOLD,HOLD
21.271,21.267014409688088,HOLD,HOLD
21.222,21.229582484323274,HOLD,HOLD
21.485,21.581407067471318,HOLD,HOLD
21.241,21.261065704180968,HOLD,HOLD
21.352,21.27492213927942,HOLD,HOLD
21.289,21.476711505709932,HOLD,HOLD
22.001,21.859918680471104,HOLD,HOLD
22.089,21.89381607600696,HOLD,HOLD
21.815,21.807717003602832,HOLD,HOLD
21.684,21.697673006727577,HOLD,HOLD
21.85,21.55427876809656,SELL,SELL
21.898,21.591745353680587,SELL,SELL
21.421,21.42184722708011,HOLD,HOLD
21.421,21.18754956130828,SELL,SELL
20.395,20.37104595463531,HOLD,HOLD
20.341,20.244948905078818,HOLD,HOLD
20.153,20.127022792601537,HOLD,HOLD
20.112,20.18386197037451,HOLD,HOLD
19.936,19.92324508589347,HOLD,HOLD
19.928,20.060191452644442,HOLD,HOLD
19.805,20.067684398337526,BUY,BUY
19.422,19.40463082603408,HOLD,HOLD
19.409,19.450246257290267,HOLD,HOLD
19.12,19.3265985493488,BUY,BUY
19.126,19.200001253686636,HOLD,HOLD
19.552,19.771825267059352,BUY,BUY
19.503,19.644591037278374,HOLD,HOLD
19.793,19.76308493490084,HOLD,HOLD
19.765,20.007075245967002,BUY,BUY
20.01,20.071431612598275,HOLD,HOLD
19.839,19.824299758773208,HOLD,HOLD
19.87,19.944600732192647,HOLD,HOLD
20.304,20.303796515109504,HOLD,HOLD
20.304,20.23778256636503,HOLD,HOLD
20.054,20.071352813610456,HOLD,HOLD
20.134,20.02129737937174,HOLD,HOLD
20.282,20.407716663261425,HOLD,HOLD
20.385,20.228720544339506,HOLD,HOLD
20.223,20.053288069706987,HOLD,HOLD
19.683,19.5572218226542,HOLD,HOLD
19.539,19.49123459600118,HOLD,HOLD
19.787,19.86434460663722,HOLD,HOLD
20.103,20.165078972192866,HOLD,HOLD
20.128,20.218820163960036,HOLD,HOLD
20.128,20.157360234999285,HOLD,HOLD
19.37,19.368917943058882,HOLD,HOLD
19.37,19.513454382560663,HOLD,HOLD
19.615,19.71259929366903,HOLD,HOLD
20.049,19.986136707611788,HOLD,HOLD
19.916,19.833067857181106,HOLD,HOLD
19.484,19.483025177763135,HOLD,HOLD
19.484,19.45101384431322,HOLD,HOLD
19.413,19.383770777561878,HOLD,HOLD
19.453,19.380106095998396,HOLD,HOLD
19.186,19.42411709053663,BUY,BUY
20.059,19.90200562081516,HOLD,HOLD
19.84,19.949819896661726,HOLD,HOLD
20.101,19.968120269631548,HOLD,HOLD
19.604,19.530180132282073,HOLD,HOLD
19.453,19.707959643385493,BUY,BUY
20.356,20.331791895592666,HOLD,HOLD
20.315,20.21433615602289,HOLD,HOLD
19.701,19.778860003024857,HOLD,HOLD
19.523,19.514046045844054,HOLD,HOLD
19.57,19.385312970017313,HOLD,HOLD
19.83,19.52466817291595,SELL,SELL
19.065,19.15234412884278,HOLD,HOLD
19.289,19.392153631079324,HOLD,HOLD
20.033,19.93488722053072,HOLD,HOLD
19.682,19.681211427512622,HOLD,HOLD
19.682,19.915008664243334,BUY,BUY
19.893,20.03415446173189,HOLD,HOLD
19.926,19.88749140684361,HOLD,HOLD
19.901,19.941103282072696,HOLD,HOLD
19.976,19.915250819481834,HOLD,HOLD
20.058,20.054695340412934,HOLD,HOLD
20.334,20.316728600675702,HOLD,HOLD
20.357,20.454279668141467,HOLD,HOLD
20.727,20.659478015570013,HOLD,HOLD
20.722,20.787918001064075,HOLD,HOLD
20.442,20.609518656233035,HOLD,HOLD
20.778,20.803982103007424,HOLD,HOLD
21.282,21.308112960039978,HOLD,HOLD
21.317,21.552057891604175,BUY,BUY
21.657,21.65350894108,HOLD,HOLD
21.768,21.92388020983433,HOLD,HOLD
21.636,21.692319780904835,HOLD,HOLD
21.7,21.737175025064253,HOLD,HOLD
21.837,21.836277846321494,HOLD,HOLD
21.867,22.024880056947964,HOLD,HOLD
22.983,22.658823446506798,SELL,SELL
22.492,22.446115405496737,HOLD,HOLD
22.538,22.53272542882541,HOLD,HOLD
22.639,22.42182704181627,HOLD,HOLD
22.822,22.787549977066764,HOLD,HOLD
22.617,22.641235675050496,HOLD,HOLD
22.79,22.499772354685515,SELL,SELL
22.278,22.181520370180078,HOLD,HOLD
21.913,21.896626736663126,HOLD,HOLD
21.947,21.948342011768148,HOLD,HOLD
21.365,21.365794550383285,HOLD,HOLD
21.191,20.905034257364452,SELL,SELL
21.354,21.40579251866641,HOLD,HOLD
21.259,21.299063541804536,HOLD,HOLD
21.896,22.021925275838857,HOLD,HOLD
21.891,21.99070520941429,HOLD,HOLD
22.443,22.29637537030613,HOLD,HOLD
22.386,22.387754959445047,HOLD,HOLD
21.752,21.713787010204793,HOLD,HOLD
21.786,21.787190566264776,HOLD,HOLD
21.897,21.898294979003126,HOLD,HOLD
21.175,21.148560170171642,HOLD,HOLD
21.708,21.70826989731739,HOLD,HOLD
21.831,21.830394382921376,HOLD,HOLD
21.766,21.94430237337427,HOLD,HOLD
21.886,21.88728463179482,HOLD,HOLD
21.586,21.587002435204685,HOLD,HOLD
21.857,21.858257352791107,HOLD,HOLD
21.927,22.22815007955517,BUY,BUY
23.292,23.238510428100113,HOLD,HOLD
21.564,22.281770514106945,BUY,BUY
21.784,21.923524426867225,HOLD,HOLD
22.009,22.009559886245633,HOLD,HOLD
21.72,21.78086964663163,HOLD,HOLD
22.149,22.325028389461774,HOLD,HOLD
23.172,23.040040260199614,HOLD,HOLD
23.016,23.171810827021723,HOLD,HOLD
23.717,23.863320518640975,HOLD,HOLD
23.891,23.402287323474212,SELL,SELL
23.255,23.307608217786306,HOLD,HOLD
23.415,23.740427054402762,BUY,BUY
24.429,24.459790248910195,HOLD,HOLD
23.513,23.51581507796866,HOLD,HOLD
23.513,23.682463113132833,HOLD,HOLD
24.14,24.215425184727586,HOLD,HOLD
24.439,24.796688619103165,BUY,BUY
24.7,24.409758741536578,SELL,SELL
24.055,24.297657528645104,BUY,BUY
23.781,23.6846246123997,HOLD,HOLD
23.08,22.951973614954717,HOLD,HOLD
23.009,23.15190672579635,HOLD,HOLD
23.118,22.696537812529193,SELL,SELL
23.215,23.33448221634546,HOLD,HOLD
